referencia,descricao,gaveta,dataRetirada,horaRetirada,dataDevolucao,horaDevolucao,usuario,setor
44670102,Chave combinada 3/8,2,24/05/2023,13:59,24/05/2023,14:00,Fernando,Aero Por Trás da Aviação
44002126,Alicate diagonal corte rente p/ plastico 6,1,24/05/2023,14:06,24/05/2023,14:07,Administrador,Admin
44003106,Alicate diagonal 6,1,24/05/2023,14:06,24/05/2023,14:07,Administrador,Admin
44004181,Alicate curvo 8,1,24/05/2023,14:06,24/05/2023,14:07,Administrador,Admin
44827104,Adaptador 3/8 para 1/4,8,24/05/2023,14:26,24/05/2023,14:30,Fernando,Aero Por Trás da Aviação
44132001,Chave toco ponta chata 5x38 - 3/16x1.1/2,2,24/05/2023,14:33,24/05/2023,14:33,Fernando,Aero Por Trás da Aviação
44132001,Chave toco ponta chata 5x38 - 3/16x1.1/2,2,24/05/2023,14:33,24/05/2023,14:34,Fernando,Aero Por Trás da Aviação
44137001,Chave toco ponta cruzada 5x38 - 3/16x1.1/2,3,24/05/2023,14:35,24/05/2023,14:35,Fernando,Aero Por Trás da Aviação
44670107,Chave combinada 11/16,2,24/05/2023,14:36,24/05/2023,14:36,Fernando,Aero Por Trás da Aviação
44869109,Soquete estriado longo 3/8 - 7/8,6,24/05/2023,14:37,24/05/2023,14:37,Fernando,Aero Por Trás da Aviação
44223106,Alicate corte diagonal CuBe 6,6,24/05/2023,14:37,24/05/2023,14:37,Fernando,Aero Por Trás da Aviação
44641103,Chave catraca 9/16x5/8 - 11/16x3/4,6,24/05/2023,14:37,24/05/2023,14:37,Fernando,Aero Por Trás da Aviação
44804100,Catraca 1/4 6,4,24/05/2023,15:16,24/05/2023,15:17,Fernando,Aero Por Trás da Aviação
44670115,Chave combinada 1.1/8,4,24/05/2023,15:30,24/05/2023,15:34,Fernando,Aero Por Trás da Aviação
44004181,Alicate meia cana curvo dupla injeção,4,24/05/2023,15:36,24/05/2023,15:42,Fernando,Aero Por Trás da Aviação
44003106,Alicate diagonal 6,2,24/05/2023,16:06,24/05/2023,16:07,Fernando,Aero Por Trás da Aviação
44812106,Soquete ponta hexagonal 3/8 6mm,2,24/05/2023,16:06,24/05/2023,16:07,Fernando,Aero Por Trás da Aviação
44670107,Chave combinada 11/16,2,24/05/2023,16:06,24/05/2023,16:07,Fernando,Aero Por Trás da Aviação
44812105,Soquete ponta hexagonal 3/8 5mm,2,24/05/2023,16:06,24/05/2023,16:07,Fernando,Aero Por Trás da Aviação
44812104,Soquete ponta hexagonal 3/8 4mm,2,24/05/2023,16:06,24/05/2023,16:07,Fernando,Aero Por Trás da Aviação
44004181,Alicate curvo 8,2,24/05/2023,15:47,24/05/2023,16:07,Fernando,Aero Por Trás da Aviação
44826108,Catraca 3/8 8,2,24/05/2023,16:06,24/05/2023,16:07,Fernando,Aero Por Trás da Aviação
44812103,Soquete ponta hexagonal 3/8 3mm,2,24/05/2023,16:06,24/05/2023,16:07,Fernando,Aero Por Trás da Aviação
44052901,Chave de fenda ponta trafix 8mm,2,24/05/2023,16:36,24/05/2023,16:37,Fernando,Aero Por Trás da Aviação
44670107,Chave combinada 11/16,2,24/05/2023,16:40,24/05/2023,16:47,Fernando,Aero Por Trás da Aviação
44004181,Alicate curvo 8,2,24/05/2023,16:39,24/05/2023,16:47,Fernando,Aero Por Trás da Aviação
44229031,Chave fenda ponta cruzada CuBe Nr. 2,6,24/05/2023,16:48,24/05/2023,16:51,Fernando,Aero Por Trás da Aviação
44222008,Alicate universal CuBe 8,6,24/05/2023,16:48,24/05/2023,16:51,Fernando,Aero Por Trás da Aviação
44670115,Chave combinada 1.1/8,4,24/05/2023,17:02,24/05/2023,17:10,Administrador,Admin
44808105,Soquete sextavado longo 1/4 - 5/16,4,24/05/2023,17:10,24/05/2023,17:10,Administrador,Admin
44130030,Chave de fenda ponta chata 6x100 -1/4x4,5,24/05/2023,16:57,24/05/2023,17:11,Fernando,Aero Por Trás da Aviação
44229031,Chave fenda ponta cruzada CuBe Nr. 2,6,24/05/2023,16:51,24/05/2023,17:11,Fernando,Aero Por Trás da Aviação
44641103,Chave catraca 9/16x5/8 - 11/16x3/4,6,24/05/2023,16:51,24/05/2023,17:11,Fernando,Aero Por Trás da Aviação
44222008,Alicate universal CuBe 8,6,24/05/2023,16:51,24/05/2023,17:11,Fernando,Aero Por Trás da Aviação
44003106,Alicate diagonal 6,4,24/05/2023,17:14,24/05/2023,17:15,Administrador,Admin
44641103,Chave catraca 9/16x5/8 - 11/16x3/4,1,30/05/2023,10:16,30/05/2023,16:18,Administrador,Admin
44641101,Chave catraca 5/16x3/8 - 7/16x1/2,1,30/05/2023,10:16,30/05/2023,16:18,Administrador,Admin
44670113,Chave combinada 1,1,30/05/2023,10:16,30/05/2023,16:18,Administrador,Admin
44670111,Chave combinada 7/8,1,30/05/2023,10:16,30/05/2023,16:18,Administrador,Admin
44670107,Chave combinada 11/16,1,30/05/2023,10:16,30/05/2023,16:18,Administrador,Admin
44670105,Chave combinada 9/16,1,30/05/2023,10:16,30/05/2023,16:18,Administrador,Admin
44670104,Chave combinada 1/2,1,30/05/2023,10:16,30/05/2023,16:18,Administrador,Admin
44670102,Chave combinada 3/8,1,30/05/2023,10:16,30/05/2023,16:18,Administrador,Admin
44002126,Alicate diagonal corte rente p/ plastico 6,1,30/05/2023,10:16,30/05/2023,16:18,Administrador,Admin
44060101,Alicate para arame de segurança 9,1,30/05/2023,10:16,30/05/2023,16:18,Administrador,Admin
44804104,Extensão 1/4 4,1,30/05/2023,10:16,30/05/2023,16:18,Administrador,Admin
44003106,Alicate diagonal 6,1,30/05/2023,10:16,30/05/2023,16:18,Administrador,Admin
44004181,Alicate curvo 8,1,30/05/2023,10:16,30/05/2023,16:18,Administrador,Admin
44804100,Catraca 1/4 6,1,30/05/2023,10:16,30/05/2023,16:18,Administrador,Admin
44003106,Alicate diagonal 6,2,30/05/2023,10:17,30/05/2023,16:22,Administrador,Admin
44132001,Chave toco ponta chata 5x38 - 3/16x1.1/2,2,30/05/2023,10:17,30/05/2023,16:22,Administrador,Admin
44052904,Chave de fenda ponta chata 3mm,2,30/05/2023,10:17,30/05/2023,16:22,Administrador,Admin
44052902,Chave de fenda ponta trafix 10mm,2,30/05/2023,10:17,30/05/2023,16:22,Administrador,Admin
44052906,Chave de fenda ponta cruzada 3mm,2,30/05/2023,10:17,30/05/2023,16:22,Administrador,Admin
44052901,Chave de fenda ponta trafix 8mm,2,30/05/2023,10:17,30/05/2023,16:22,Administrador,Admin
44052905,Chave de fenda ponta cruzada 2.5mm,2,30/05/2023,10:17,30/05/2023,16:22,Administrador,Admin
44670107,Chave combinada 11/16,2,30/05/2023,10:17,30/05/2023,16:22,Administrador,Admin
44670104,Chave combinada 1/2,2,30/05/2023,10:17,30/05/2023,16:22,Administrador,Admin
44670102,Chave combinada 3/8,2,30/05/2023,10:17,30/05/2023,16:22,Administrador,Admin
44060101,Alicate para arame de segurança 9,2,30/05/2023,10:17,30/05/2023,16:22,Administrador,Admin
44052903,"Chave de fenda ponta chata 2,5mm",2,30/05/2023,10:17,30/05/2023,16:22,Administrador,Admin
44670100,Chave combinada 1/4,2,30/05/2023,10:17,30/05/2023,16:22,Administrador,Admin
44004181,Alicate curvo 8,2,30/05/2023,10:17,30/05/2023,16:22,Administrador,Admin
44804100,Catraca 1/4 6,2,30/05/2023,10:17,30/05/2023,16:22,Administrador,Admin
44826108,Catraca 3/8 8,2,30/05/2023,10:17,30/05/2023,16:22,Administrador,Admin
40670032,Martelo de borda TPU 30mm,2,30/05/2023,10:17,30/05/2023,16:22,Administrador,Admin
44003106,Alicate diagonal 6,3,30/05/2023,10:17,30/05/2023,16:23,Administrador,Admin
44641101,Chave catraca 5/16x3/8 - 7/16x1/2,3,30/05/2023,10:17,30/05/2023,16:23,Administrador,Admin
44060101,Alicate para arame de segurança 9,3,30/05/2023,10:17,30/05/2023,16:23,Administrador,Admin
44641103,Chave catraca 9/16x5/8 - 11/16x3/4,3,30/05/2023,10:17,30/05/2023,16:23,Administrador,Admin
40673037,Martelo sem retrocesso 500g,3,30/05/2023,10:17,30/05/2023,16:23,Administrador,Admin
40670032,Martelo de borda TPU 30mm,3,30/05/2023,10:17,30/05/2023,16:23,Administrador,Admin
44137001,Chave toco ponta cruzada 5x38 - 3/16x1.1/2,3,30/05/2023,10:17,30/05/2023,16:38,Administrador,Admin
44806105,Soquete sextavado 1/4 - 5/16,3,30/05/2023,10:17,30/05/2023,16:38,Administrador,Admin
44806103,Soquete sextavado 1/4 - 1/4,3,30/05/2023,10:17,30/05/2023,16:38,Administrador,Admin
44804100,Catraca 1/4 6,3,30/05/2023,10:17,30/05/2023,16:38,Administrador,Admin
44804100,Catraca 1/4 6,3,30/05/2023,10:17,30/05/2023,16:38,Administrador,Admin
44670105,Chave combinada 9/16,3,30/05/2023,10:17,30/05/2023,16:38,Administrador,Admin
44670103,Chave combinada 7/16,3,30/05/2023,10:17,30/05/2023,16:38,Administrador,Admin
44670102,Chave combinada 3/8,3,30/05/2023,10:17,30/05/2023,16:38,Administrador,Admin
44670100,Chave combinada 1/4,3,30/05/2023,10:17,30/05/2023,16:38,Administrador,Admin
44009107,Alicate para anéis internos curvo 7,3,30/05/2023,10:17,30/05/2023,16:38,Administrador,Admin
44004183,Alicate meia cana reto dupla injeção,3,30/05/2023,10:17,30/05/2023,16:38,Administrador,Admin
44008107,Alicate para anéis internos reto 7,3,30/05/2023,10:17,30/05/2023,16:38,Administrador,Admin
44670104,Chave combinada 1/2,3,30/05/2023,10:17,30/05/2023,16:38,Administrador,Admin
44670105,Chave combinada 9/16,3,30/05/2023,10:17,30/05/2023,16:38,Administrador,Admin
44011107,Alicate para anéis externos curvo 7,3,30/05/2023,10:17,30/05/2023,16:38,Administrador,Admin
44010107,Alicate para anéis externos reto 7,3,30/05/2023,10:17,30/05/2023,16:38,Administrador,Admin
44130030,Chave de fenda ponta chata 6x100 -1/4x4,5,30/05/2023,10:19,30/05/2023,16:40,Administrador,Admin
44641103,Chave catraca 9/16x5/8 - 11/16x3/4,5,30/05/2023,10:19,30/05/2023,16:40,Administrador,Admin
44135033,Chave de fenda ponta cruzada 6x250 - 1/4x10,5,30/05/2023,10:19,30/05/2023,16:40,Administrador,Admin
44135031,Chave de fenda ponta cruzada 6x150 - 1/4x6,5,30/05/2023,10:19,30/05/2023,16:40,Administrador,Admin
44641101,Chave catraca 5/16x3/8 - 7/16x1/2,5,30/05/2023,10:19,30/05/2023,16:40,Administrador,Admin
25926160,"Tesoura para costura 25,4cm 25926/160",5,30/05/2023,10:19,30/05/2023,16:40,Administrador,Admin
40670032,Martelo de borda TPU 30mm,5,30/05/2023,10:19,30/05/2023,16:40,Administrador,Admin
44670103,Chave combinada 7/16,7,30/05/2023,10:20,30/05/2023,16:43,Administrador,Admin
44670105,Chave combinada 9/16,7,30/05/2023,10:20,30/05/2023,16:43,Administrador,Admin
44670100,Chave combinada 1/4,7,30/05/2023,10:20,30/05/2023,16:43,Administrador,Admin
44670104,Chave combinada 1/2,7,30/05/2023,10:20,30/05/2023,16:43,Administrador,Admin
44204008,Chave fixa CuBe 1x1.1/8,7,30/05/2023,10:20,30/05/2023,16:43,Administrador,Admin
44204006,Chave fixa CuBe 13/16x7/8,7,30/05/2023,10:20,30/05/2023,16:43,Administrador,Admin
44204005,Chave fixa CuBe 11/16x3/4,7,30/05/2023,10:20,30/05/2023,16:43,Administrador,Admin
44670107,Chave combinada 11/16,7,30/05/2023,10:20,30/05/2023,16:43,Administrador,Admin
44670106,Chave combinada 5/8,7,30/05/2023,10:20,30/05/2023,16:43,Administrador,Admin
44201003,Chave combinada CuBe 7/16,7,30/05/2023,10:20,30/05/2023,16:43,Administrador,Admin
44201005,Chave combinada CuBe 9/16,7,30/05/2023,10:20,30/05/2023,16:43,Administrador,Admin
44201004,Chave combinada CuBe 1/2,7,30/05/2023,10:20,30/05/2023,16:43,Administrador,Admin
44201007,Chave combinada CuBe 5/8,7,30/05/2023,10:20,30/05/2023,16:43,Administrador,Admin
44201008,Chave combinada CuBe 11/16,7,30/05/2023,10:20,30/05/2023,16:43,Administrador,Admin
44204004,Chave fixa CuBe 9/16x5/8,7,30/05/2023,10:20,30/05/2023,16:43,Administrador,Admin
44201000,Chave combinada CuBe 1/4,7,30/05/2023,10:20,30/05/2023,16:43,Administrador,Admin
44204006,Chave fixa CuBe 13/16x7/8,7,30/05/2023,10:20,30/05/2023,16:43,Administrador,Admin
44060101,Alicate para arame de segurança 9,8,30/05/2023,10:21,30/05/2023,16:44,Administrador,Admin
44808108,Soquete sextavado longo 1/4 - 7/16,8,30/05/2023,10:21,30/05/2023,16:44,Administrador,Admin
44804104,Extensão 1/4 4,8,30/05/2023,10:21,30/05/2023,16:44,Administrador,Admin
44670104,Chave combinada 1/2,8,30/05/2023,10:21,30/05/2023,16:44,Administrador,Admin
44641101,Chave catraca 5/16x3/8 - 7/16x1/2,8,30/05/2023,10:21,30/05/2023,16:44,Administrador,Admin
44641103,Chave catraca 9/16x5/8 - 11/16x3/4,8,30/05/2023,10:21,30/05/2023,16:44,Administrador,Admin
44003106,Alicate diagonal 6,8,30/05/2023,10:21,30/05/2023,16:44,Administrador,Admin
44804100,Catraca 1/4 6,8,30/05/2023,10:21,30/05/2023,16:44,Administrador,Admin
44004181,Alicate curvo 8,8,30/05/2023,10:21,30/05/2023,16:44,Administrador,Admin
43158305,Trena profissional 5M,8,30/05/2023,10:21,30/05/2023,16:44,Administrador,Admin
44827104,Adaptador 3/8 para 1/4,1,30/05/2023,10:16,30/05/2023,16:49,Administrador,Admin
44801101,Adaptador 1/4 para 3/8,1,30/05/2023,10:16,30/05/2023,16:49,Administrador,Admin
44806106,Soquete sextavado 1/4 - 11/32,1,30/05/2023,10:16,30/05/2023,16:49,Administrador,Admin
44806105,Soquete sextavado 1/4 - 5/16,1,30/05/2023,10:16,30/05/2023,16:49,Administrador,Admin
44806103,Soquete sextavado 1/4 - 1/4,1,30/05/2023,10:16,30/05/2023,16:49,Administrador,Admin
44808108,Soquete sextavado longo 1/4 - 7/16,1,30/05/2023,10:16,30/05/2023,16:49,Administrador,Admin
44808107,Soquete sextavado longo 1/4 - 3/8,1,30/05/2023,10:16,30/05/2023,16:49,Administrador,Admin
44130030,Chave de fenda ponta chata 6x100 - 1/4x4,1,30/05/2023,10:16,30/05/2023,16:49,Administrador,Admin
44130030,Chave de fenda ponta chata 6x100 - 1/4x4,1,30/05/2023,10:16,30/05/2023,16:49,Administrador,Admin
44135021,Chave de fenda ponta cruzada 5x100 - 3/16x4,1,30/05/2023,10:16,30/05/2023,16:49,Administrador,Admin
44135031,Chave de fenda ponta cruzada 6x150 - 1/4x6,1,30/05/2023,10:16,30/05/2023,16:49,Administrador,Admin
44810109,Soquete estriado 1/4 - 1/2,1,30/05/2023,10:16,30/05/2023,16:50,Administrador,Admin
44827104,Adaptador 3/8 para 1/4,2,30/05/2023,10:17,30/05/2023,16:52,Administrador,Admin
44801101,Adaptador 1/4 para 3/8,2,30/05/2023,10:17,30/05/2023,16:52,Administrador,Admin
44812108,Soquete ponta hexagonal 3/8 8mm,2,30/05/2023,10:17,30/05/2023,16:52,Administrador,Admin
44812107,Soquete ponta hexagonal 3/8 7mm,2,30/05/2023,10:17,30/05/2023,16:52,Administrador,Admin
44812106,Soquete ponta hexagonal 3/8 6mm,2,30/05/2023,10:17,30/05/2023,16:52,Administrador,Admin
44812105,Soquete ponta hexagonal 3/8 5mm,2,30/05/2023,10:17,30/05/2023,16:52,Administrador,Admin
44812104,Soquete ponta hexagonal 3/8 4mm,2,30/05/2023,10:17,30/05/2023,16:52,Administrador,Admin
44812103,Soquete ponta hexagonal 3/8 3mm,2,30/05/2023,10:17,30/05/2023,16:52,Administrador,Admin
44808108,Soquete sextavado longo 1/4 - 7/16,2,30/05/2023,10:17,30/05/2023,16:52,Administrador,Admin
44808105,Soquete sextavado longo 1/4 - 5/16,2,30/05/2023,10:17,30/05/2023,16:52,Administrador,Admin
44806103,Soquete sextavado 1/4 - 1/4,2,30/05/2023,10:17,30/05/2023,16:52,Administrador,Admin
44670111,Chave combinada 7/8,4,30/05/2023,10:18,30/05/2023,16:53,Administrador,Admin
44060101,Alicate para arame de segurança 9,4,30/05/2023,10:18,30/05/2023,16:53,Administrador,Admin
44670110,Chave combinada 13/16,4,30/05/2023,10:18,30/05/2023,16:53,Administrador,Admin
44004181,Alicate meia cana curvo dupla injeção,4,30/05/2023,10:18,30/05/2023,16:53,Administrador,Admin
44670115,Chave combinada 1.1/8,4,30/05/2023,10:18,30/05/2023,16:53,Administrador,Admin
44003106,Alicate diagonal 6,4,30/05/2023,10:18,30/05/2023,16:53,Administrador,Admin
44804100,Catraca 1/4 6,4,30/05/2023,10:18,30/05/2023,16:53,Administrador,Admin
44826108,Catraca 3/8 8,4,30/05/2023,10:18,30/05/2023,16:53,Administrador,Admin
44801101,Adaptador 1/4 para 3/8,8,30/05/2023,10:21,30/05/2023,16:54,Administrador,Admin
44827104,Adaptador 3/8 para 1/4,8,30/05/2023,10:21,30/05/2023,16:54,Administrador,Admin
44808103,Soquete sextavado longo 1/4 - 1/4,8,30/05/2023,10:21,30/05/2023,16:54,Administrador,Admin
44809105,Soquete estriado 1/4 5mm,4,30/05/2023,10:18,30/05/2023,16:55,Administrador,Admin
44809155,Soquete estriado 1/4 5.5mm,4,30/05/2023,10:18,30/05/2023,16:55,Administrador,Admin
44808103,Soquete sextavado longo 1/4 - 1/4,4,30/05/2023,10:18,30/05/2023,16:55,Administrador,Admin
44808108,Soquete sextavado longo 1/4 - 7/16,4,30/05/2023,10:18,30/05/2023,16:55,Administrador,Admin
44808107,Soquete sextavado longo 1/4 - 3/8,4,30/05/2023,10:18,30/05/2023,16:55,Administrador,Admin
44808105,Soquete sextavado longo 1/4 - 5/16,4,30/05/2023,10:18,30/05/2023,16:55,Administrador,Admin
44801101,Adaptador 1/4 para 3/8,6,30/05/2023,10:19,30/05/2023,16:56,Administrador,Admin
44827104,Adaptador 3/8 para 1/4,6,30/05/2023,10:19,30/05/2023,16:56,Administrador,Admin
44806103,Soquete sextavado 1/4 - 1/4,6,30/05/2023,10:19,30/05/2023,16:56,Administrador,Admin
44869109,Soquete estriado longo 3/8 - 7/8,6,30/05/2023,10:19,30/05/2023,16:56,Administrador,Admin
44804100,Catraca 1/4 6,6,30/05/2023,10:19,30/05/2023,16:56,Administrador,Admin
44804104,Extensão 1/4 4,6,30/05/2023,10:19,30/05/2023,16:56,Administrador,Admin
44222008,Alicate universal CuBe 8,6,30/05/2023,10:19,30/05/2023,16:56,Administrador,Admin
44223106,Alicate corte diagonal CuBe 6,6,30/05/2023,10:19,30/05/2023,16:56,Administrador,Admin
44641103,Chave catraca 9/16x5/8 - 11/16x3/4,6,30/05/2023,10:19,30/05/2023,16:56,Administrador,Admin
44641101,Chave catraca 5/16x3/8 - 7/16x1/2,6,30/05/2023,10:19,30/05/2023,16:56,Administrador,Admin
44225006,Alicate meia cana CuBe 6,6,30/05/2023,10:19,30/05/2023,16:56,Administrador,Admin
44229010,Chave fenda ponta cruzada CuBe Nr. 0,6,30/05/2023,10:19,30/05/2023,16:56,Administrador,Admin
44135020,Chave fenda ponta cruzada 5x75 - 3/16x3,6,30/05/2023,10:19,30/05/2023,16:56,Administrador,Admin
44229031,Chave fenda ponta cruzada CuBe Nr. 2,6,30/05/2023,10:19,30/05/2023,16:56,Administrador,Admin
44135029,Chave fenda ponta cruzada 6x125 - 1/4x5,6,30/05/2023,10:19,30/05/2023,16:56,Administrador,Admin
44060101,Alicate para arame de segurança 9,6,30/05/2023,10:19,30/05/2023,16:56,Administrador,Admin
44670102,Chave combinada 3/8,1,01/06/2023,13:04,01/06/2023,13:06,Administrador,Admin
44827104,Adaptador 3/8 para 1/4,1,01/06/2023,13:06,01/06/2023,13:07,Administrador,Admin
44801101,Adaptador 1/4 para 3/8,1,01/06/2023,13:06,01/06/2023,13:07,Administrador,Admin
44804100,Catraca 1/4 6,1,01/06/2023,13:06,01/06/2023,13:07,Administrador,Admin
44003106,Alicate diagonal 6,1,01/06/2023,13:09,01/06/2023,13:09,Administrador,Admin
44670111,Chave combinada 7/8,1,07/06/2023,15:55,07/06/2023,15:56,Administrador,Admin
44670107,Chave combinada 11/16,1,07/06/2023,15:55,07/06/2023,15:56,Administrador,Admin
44806103,Soquete sextavado 1/4 - 1/4,1,07/06/2023,15:55,07/06/2023,15:56,Administrador,Admin
44004181,Alicate curvo 8,1,07/06/2023,15:55,07/06/2023,15:56,Administrador,Admin
44641103,Chave catraca 9/16x5/8 - 11/16x3/4,1,12/06/2023,9:15,12/06/2023,9:24,Marcelo,Tramontina 
44002126,Alicate diagonal corte rente p/ plastico 6,1,12/06/2023,9:15,12/06/2023,9:24,Marcelo,Tramontina 
44204006,Chave fixa CuBe 13/16x7/8,7,12/06/2023,9:17,12/06/2023,9:26,Administrador,Admin
44201005,Chave combinada CuBe 9/16,7,12/06/2023,9:17,12/06/2023,9:26,Administrador,Admin
44801101,Adaptador 1/4 para 3/8,8,12/06/2023,9:26,12/06/2023,9:26,Administrador,Admin
44052906,Chave de fenda ponta cruzada 3mm,2,12/06/2023,9:28,12/06/2023,9:28,Administrador,Admin
44052901,Chave de fenda ponta trafix 8mm,2,12/06/2023,9:28,12/06/2023,9:28,Administrador,Admin
44052905,Chave de fenda ponta cruzada 2.5mm,2,12/06/2023,9:28,12/06/2023,9:28,Administrador,Admin
44670107,Chave combinada 11/16,2,12/06/2023,9:28,12/06/2023,9:28,Administrador,Admin
44052904,Chave de fenda ponta chata 3mm,2,12/06/2023,9:28,12/06/2023,9:28,Administrador,Admin
44052902,Chave de fenda ponta trafix 10mm,2,12/06/2023,9:28,12/06/2023,9:28,Administrador,Admin
44052903,"Chave de fenda ponta chata 2,5mm",2,12/06/2023,9:28,12/06/2023,9:28,Administrador,Admin
44004181,Alicate curvo 8,1,12/06/2023,10:50,12/06/2023,10:52,Administrador,Admin
44003106,Alicate diagonal 6,1,12/06/2023,11:05,12/06/2023,11:05,Administrador,Admin
44670105,Chave combinada 9/16,1,12/06/2023,11:05,12/06/2023,11:06,Administrador,Admin
44670104,Chave combinada 1/2,1,12/06/2023,11:05,12/06/2023,11:06,Administrador,Admin
44670102,Chave combinada 3/8,1,12/06/2023,11:05,12/06/2023,11:06,Administrador,Admin
44004181,Alicate curvo 8,1,12/06/2023,11:05,12/06/2023,11:06,Administrador,Admin
44806103,Soquete sextavado 1/4 - 1/4,1,12/06/2023,11:06,12/06/2023,11:06,Administrador,Admin
44004181,Alicate curvo 8,1,12/06/2023,11:06,12/06/2023,11:07,Administrador,Admin
44806103,Soquete sextavado 1/4 - 1/4,1,12/06/2023,11:46,12/06/2023,11:49,Marcelo,Tramontina 
44002126,Alicate diagonal corte rente p/ plastico 6,1,12/06/2023,11:49,12/06/2023,11:49,Marcelo,Tramontina 
44004181,Alicate curvo 8,1,12/06/2023,11:46,12/06/2023,11:49,Marcelo,Tramontina 
44003106,Alicate diagonal 6,1,12/06/2023,11:46,12/06/2023,12:07,Marcelo,Tramontina 
44060101,Alicate para arame de segurança 9,2,12/06/2023,11:52,12/06/2023,12:12,Administrador,Admin
44670102,Chave combinada 3/8,1,12/06/2023,13:10,12/06/2023,13:11,Administrador,Admin
44060101,Alicate para arame de segurança 9,1,13/06/2023,10:32,13/06/2023,10:35,Administrador,Admin
44222008,Alicate universal CuBe 8,6,13/06/2023,10:33,13/06/2023,10:35,Marcelo,Tramontina 
44009107,Alicate para anéis internos curvo 7,3,13/06/2023,10:48,13/06/2023,10:49,Administrador,Admin
44004181,Alicate curvo 8,1,13/06/2023,10:49,13/06/2023,10:50,Administrador,Admin
44806103,Soquete sextavado 1/4 - 1/4,3,13/06/2023,10:49,13/06/2023,10:59,Administrador,Admin
44004183,Alicate meia cana reto dupla injeção,3,13/06/2023,10:49,13/06/2023,10:59,Administrador,Admin
44008107,Alicate para anéis internos reto 7,3,13/06/2023,10:49,13/06/2023,10:59,Administrador,Admin
44641103,Chave catraca 9/16x5/8 - 11/16x3/4,1,13/06/2023,11:13,13/06/2023,11:14,Administrador,Admin
44060101,Alicate para arame de segurança 9,1,13/06/2023,11:14,13/06/2023,11:18,Administrador,Admin
44641101,Chave catraca 5/16x3/8 - 7/16x1/2,6,13/06/2023,11:20,13/06/2023,11:21,Administrador,Admin
44225006,Alicate meia cana CuBe 6,6,13/06/2023,11:20,13/06/2023,11:21,Administrador,Admin
44670111,Chave combinada 7/8,1,14/06/2023,10:32,14/06/2023,10:34,Administrador,Admin
44670107,Chave combinada 11/16,1,14/06/2023,10:32,14/06/2023,10:34,Administrador,Admin
44670104,Chave combinada 1/2,1,14/06/2023,10:32,14/06/2023,10:34,Administrador,Admin
44670102,Chave combinada 3/8,1,14/06/2023,10:32,14/06/2023,10:34,Administrador,Admin
44670105,Chave combinada 9/16,1,14/06/2023,10:32,14/06/2023,10:34,Administrador,Admin
44641103,Chave catraca 9/16x5/8 - 11/16x3/4,1,14/06/2023,10:34,14/06/2023,10:48,Administrador,Admin
44060101,Alicate para arame de segurança 9,1,14/06/2023,10:26,14/06/2023,10:48,Marcelo,Tramontina 
44804104,Extensão 1/4 4,1,14/06/2023,10:48,14/06/2023,10:48,Administrador,Admin
44810109,Soquete estriado 1/4 - 1/2,1,14/06/2023,10:49,14/06/2023,10:49,Administrador,Admin
44641103,Chave catraca 9/16x5/8 - 11/16x3/4,1,14/06/2023,11:02,14/06/2023,11:09,Marcelo,Tramontina 
44670111,Chave combinada 7/8,1,14/06/2023,11:02,14/06/2023,11:09,Marcelo,Tramontina 
44004181,Alicate curvo 8,8,14/06/2023,11:03,14/06/2023,11:10,Marcelo,Tramontina 
43158305,Trena profissional 5M,8,14/06/2023,11:11,14/06/2023,11:17,Administrador,Admin
44804100,Catraca 1/4 6,3,14/06/2023,11:20,14/06/2023,11:21,Tsuyoshi,Helibras
44204006,Chave fixa CuBe 13/16x7/8,7,14/06/2023,10:25,14/06/2023,11:25,Administrador,Admin
44204006,Chave fixa CuBe 13/16x7/8,7,14/06/2023,10:25,14/06/2023,11:25,Administrador,Admin
44670100,Chave combinada 1/4,3,15/06/2023,21:23,15/06/2023,21:24,Administrador,Admin
44011107,Alicate para anéis externos curvo 7,3,15/06/2023,21:23,15/06/2023,21:24,Administrador,Admin
44060101,Alicate para arame de segurança 9,1,15/06/2023,21:21,15/06/2023,21:24,Administrador,Admin
44801101,Adaptador 1/4 para 3/8,8,15/06/2023,21:22,15/06/2023,21:24,Administrador,Admin
44808103,Soquete sextavado longo 1/4 - 1/4,8,15/06/2023,21:22,15/06/2023,21:24,Administrador,Admin
44003106,Alicate diagonal 6,1,16/06/2023,16:50,16/06/2023,16:51,Administrador,Admin
44670105,Chave combinada 9/16,1,16/06/2023,16:52,16/06/2023,16:52,Administrador,Admin
44670104,Chave combinada 1/2,1,16/06/2023,16:52,16/06/2023,16:52,Administrador,Admin
44670102,Chave combinada 3/8,1,16/06/2023,16:52,16/06/2023,16:52,Administrador,Admin
44003106,Alicate diagonal 6,1,16/06/2023,16:52,16/06/2023,16:52,Administrador,Admin
44806103,Soquete sextavado 1/4 - 1/4,2,16/06/2023,16:50,16/06/2023,16:53,Administrador,Admin
44003106,Alicate diagonal 6,1,20/06/2023,11:34,20/06/2023,11:34,Administrador,Admin
44804104,Extensão 1/4 4,1,20/06/2023,11:34,20/06/2023,11:41,Administrador,Admin
44130030,Chave de fenda ponta chata 6x100 - 1/4x4,1,20/06/2023,11:34,20/06/2023,11:41,Administrador,Admin
44130030,Chave de fenda ponta chata 6x100 - 1/4x4,1,20/06/2023,11:34,20/06/2023,11:41,Administrador,Admin
44135021,Chave de fenda ponta cruzada 5x100 - 3/16x4,1,20/06/2023,11:34,20/06/2023,11:41,Administrador,Admin
44135031,Chave de fenda ponta cruzada 6x150 - 1/4x6,1,20/06/2023,11:34,20/06/2023,11:41,Administrador,Admin
44641103,Chave catraca 9/16x5/8 - 11/16x3/4,1,20/06/2023,11:33,20/06/2023,11:42,Administrador,Admin
44002126,Alicate diagonal corte rente p/ plastico 6,1,20/06/2023,11:41,20/06/2023,11:42,Administrador,Admin
44060101,Alicate para arame de segurança 9,1,20/06/2023,11:33,20/06/2023,11:42,Administrador,Admin
44806103,Soquete sextavado 1/4 - 1/4,1,20/06/2023,11:33,20/06/2023,11:42,Administrador,Admin
44009107,Alicate para anéis internos curvo 7,3,20/06/2023,17:01,20/06/2023,17:01,Administrador,Admin
44060101,Alicate para arame de segurança 9,1,20/06/2023,17:05,20/06/2023,17:08,Administrador,Admin
44806103,Soquete sextavado 1/4 - 1/4,1,20/06/2023,17:00,20/06/2023,17:08,Administrador,Admin
44804104,Extensão 1/4 4,1,20/06/2023,17:05,20/06/2023,17:08,Administrador,Admin
44808108,Soquete sextavado longo 1/4 - 7/16,1,20/06/2023,17:05,20/06/2023,17:08,Administrador,Admin
44810109,Soquete estriado 1/4 - 1/2,1,20/06/2023,17:00,20/06/2023,17:08,Administrador,Admin
44804100,Catraca 1/4 6,1,20/06/2023,17:06,20/06/2023,17:08,Administrador,Admin
44135031,Chave de fenda ponta cruzada 6x150 - 1/4x6,1,20/06/2023,17:05,20/06/2023,17:08,Administrador,Admin
44670105,Chave combinada 9/16,1,22/06/2023,12:10,22/06/2023,12:29,Administrador,Admin
44827104,Adaptador 3/8 para 1/4,2,22/06/2023,12:11,22/06/2023,12:29,Administrador,Admin
44812107,Soquete ponta hexagonal 3/8 7mm,2,22/06/2023,12:11,22/06/2023,12:29,Administrador,Admin
44052903,"Chave de fenda ponta chata 2,5mm",2,22/06/2023,12:11,22/06/2023,12:29,Administrador,Admin
44806105,Soquete sextavado 1/4 - 5/16,3,22/06/2023,12:11,22/06/2023,12:30,Administrador,Admin
44670105,Chave combinada 9/16,3,22/06/2023,12:11,22/06/2023,12:30,Administrador,Admin
44670100,Chave combinada 1/4,3,22/06/2023,12:11,22/06/2023,12:30,Administrador,Admin
44670105,Chave combinada 9/16,3,22/06/2023,12:11,22/06/2023,12:30,Administrador,Admin
40670032,Martelo de borda TPU 30mm,3,22/06/2023,12:11,22/06/2023,12:30,Administrador,Admin
44804100,Catraca 1/4 6,4,22/06/2023,12:12,22/06/2023,12:30,Administrador,Admin
44826108,Catraca 3/8 8,4,22/06/2023,12:12,22/06/2023,12:30,Administrador,Admin
44808107,Soquete sextavado longo 1/4 - 3/8,4,22/06/2023,12:12,22/06/2023,12:30,Administrador,Admin
44641101,Chave catraca 5/16x3/8 - 7/16x1/2,5,22/06/2023,12:12,22/06/2023,12:30,Administrador,Admin
25926160,"Tesoura para costura 25,4cm 25926/160",5,22/06/2023,12:12,22/06/2023,12:30,Administrador,Admin
44827104,Adaptador 3/8 para 1/4,6,22/06/2023,12:13,22/06/2023,12:30,Administrador,Admin
44869109,Soquete estriado longo 3/8 - 7/8,6,22/06/2023,12:13,22/06/2023,12:30,Administrador,Admin
44804100,Catraca 1/4 6,6,22/06/2023,12:13,22/06/2023,12:30,Administrador,Admin
44135020,Chave fenda ponta cruzada 5x75 - 3/16x3,6,22/06/2023,12:13,22/06/2023,12:30,Administrador,Admin
44229031,Chave fenda ponta cruzada CuBe Nr. 2,6,22/06/2023,12:13,22/06/2023,12:30,Administrador,Admin
44641101,Chave catraca 5/16x3/8 - 7/16x1/2,6,22/06/2023,12:13,22/06/2023,12:30,Administrador,Admin
44670100,Chave combinada 1/4,7,22/06/2023,12:09,22/06/2023,12:30,Administrador,Admin
44201003,Chave combinada CuBe 7/16,7,22/06/2023,12:09,22/06/2023,12:30,Administrador,Admin
44201005,Chave combinada CuBe 9/16,7,22/06/2023,12:09,22/06/2023,12:30,Administrador,Admin
44201004,Chave combinada CuBe 1/2,7,22/06/2023,12:09,22/06/2023,12:30,Administrador,Admin
44670104,Chave combinada 1/2,8,22/06/2023,12:16,22/06/2023,12:30,Administrador,Admin
44641101,Chave catraca 5/16x3/8 - 7/16x1/2,8,22/06/2023,12:16,22/06/2023,12:30,Administrador,Admin
44804100,Catraca 1/4 6,8,22/06/2023,12:16,22/06/2023,12:30,Administrador,Admin
44808108,Soquete sextavado longo 1/4 - 7/16,8,22/06/2023,12:16,22/06/2023,12:30,Administrador,Admin
44060101,Alicate para arame de segurança 9,8,22/06/2023,12:16,22/06/2023,12:30,Administrador,Admin
44003106,Alicate diagonal 6,8,22/06/2023,12:16,22/06/2023,12:30,Administrador,Admin
44804104,Extensão 1/4 4,8,22/06/2023,12:16,22/06/2023,12:30,Administrador,Admin
44004181,Alicate curvo 8,8,22/06/2023,12:16,22/06/2023,12:30,Administrador,Admin
44827104,Adaptador 3/8 para 1/4,8,22/06/2023,12:16,22/06/2023,12:30,Administrador,Admin
44641103,Chave catraca 9/16x5/8 - 11/16x3/4,8,22/06/2023,12:16,22/06/2023,12:30,Administrador,Admin
44003106,Alicate diagonal 6,1,04/07/2023,13:53,04/07/2023,13:54,Administrador,Admin
44810109,Soquete estriado 1/4 - 1/2,1,04/07/2023,13:53,04/07/2023,13:54,Administrador,Admin
44052901,Chave de fenda ponta trafix 8mm,2,04/07/2023,13:54,04/07/2023,13:54,Administrador,Admin
44806103,Soquete sextavado 1/4 - 1/4,3,04/07/2023,13:54,04/07/2023,13:54,Administrador,Admin
44806105,Soquete sextavado 1/4 - 5/16,3,04/07/2023,13:54,04/07/2023,13:54,Administrador,Admin
44130030,Chave de fenda ponta chata 6x100 -1/4x4,5,04/07/2023,13:55,04/07/2023,13:55,Administrador,Admin
44229010,Chave fenda ponta cruzada CuBe Nr. 0,6,04/07/2023,13:55,04/07/2023,13:56,Administrador,Admin
44808103,Soquete sextavado longo 1/4 - 1/4,4,05/07/2023,13:16,05/07/2023,13:16,Administrador,Admin
44003106,Alicate diagonal 6,4,05/07/2023,13:16,05/07/2023,13:16,Administrador,Admin
44808105,Soquete sextavado longo 1/4 - 5/16,4,05/07/2023,13:16,05/07/2023,13:16,Administrador,Admin
44060101,Alicate para arame de segurança 9,4,05/07/2023,13:16,05/07/2023,13:17,Administrador,Admin
44004181,Alicate meia cana curvo dupla injeção,4,05/07/2023,13:16,05/07/2023,13:17,Administrador,Admin
44806105,Soquete sextavado 1/4 - 5/16,1,05/07/2023,13:18,05/07/2023,13:19,Tramontina Pro,Tramontina
44806103,Soquete sextavado 1/4 - 1/4,1,05/07/2023,13:18,05/07/2023,13:19,Tramontina Pro,Tramontina
44003106,Alicate diagonal 6,1,05/07/2023,13:18,05/07/2023,13:19,Tramontina Pro,Tramontina
44204005,Chave fixa CuBe 11/16x3/4,7,05/07/2023,13:17,05/07/2023,13:19,Tramontina Pro,Tramontina
44204004,Chave fixa CuBe 9/16x5/8,7,05/07/2023,13:17,05/07/2023,13:19,Tramontina Pro,Tramontina
44060101,Alicate para arame de segurança 9,2,10/07/2023,15:30,-,-,Administrador,Admin
44812103,Soquete ponta hexagonal 3/8 3mm,2,10/07/2023,15:30,10/07/2023,15:30,Administrador,Admin
44003106,Alicate diagonal 6,2,11/07/2023,10:56,-,-,Administrador,Admin
44132001,Chave toco ponta chata 5x38 - 3/16x1.1/2,2,11/07/2023,10:56,-,-,Administrador,Admin
44827104,Adaptador 3/8 para 1/4,2,11/07/2023,10:56,-,-,Administrador,Admin
44801101,Adaptador 1/4 para 3/8,2,11/07/2023,10:56,-,-,Administrador,Admin
44812108,Soquete ponta hexagonal 3/8 8mm,2,11/07/2023,10:56,-,-,Administrador,Admin
44812107,Soquete ponta hexagonal 3/8 7mm,2,11/07/2023,10:56,-,-,Administrador,Admin
44812106,Soquete ponta hexagonal 3/8 6mm,2,11/07/2023,10:56,-,-,Administrador,Admin
44052904,Chave de fenda ponta chata 3mm,2,11/07/2023,10:56,-,-,Administrador,Admin
44052902,Chave de fenda ponta trafix 10mm,2,11/07/2023,10:56,-,-,Administrador,Admin
44052901,Chave de fenda ponta trafix 8mm,2,11/07/2023,10:56,-,-,Administrador,Admin
44052905,Chave de fenda ponta cruzada 2.5mm,2,11/07/2023,10:56,-,-,Administrador,Admin
44670107,Chave combinada 11/16,2,11/07/2023,10:56,-,-,Administrador,Admin
44670104,Chave combinada 1/2,2,11/07/2023,10:56,-,-,Administrador,Admin
44670102,Chave combinada 3/8,2,11/07/2023,10:56,-,-,Administrador,Admin
44812105,Soquete ponta hexagonal 3/8 5mm,2,11/07/2023,10:56,-,-,Administrador,Admin
44812104,Soquete ponta hexagonal 3/8 4mm,2,11/07/2023,10:56,-,-,Administrador,Admin
44052903,"Chave de fenda ponta chata 2,5mm",2,11/07/2023,10:56,-,-,Administrador,Admin
44812103,Soquete ponta hexagonal 3/8 3mm,2,11/07/2023,10:56,-,-,Administrador,Admin
44808108,Soquete sextavado longo 1/4 - 7/16,2,11/07/2023,10:56,-,-,Administrador,Admin
44808105,Soquete sextavado longo 1/4 - 5/16,2,11/07/2023,10:56,-,-,Administrador,Admin
44806103,Soquete sextavado 1/4 - 1/4,2,11/07/2023,10:56,-,-,Administrador,Admin
44670100,Chave combinada 1/4,2,11/07/2023,10:56,-,-,Administrador,Admin
44004181,Alicate curvo 8,2,11/07/2023,10:56,-,-,Administrador,Admin
44804100,Catraca 1/4 6,2,11/07/2023,10:56,-,-,Administrador,Admin
44826108,Catraca 3/8 8,2,11/07/2023,10:56,-,-,Administrador,Admin
44670103,Chave combinada 7/16,7,11/07/2023,10:59,-,-,Administrador,Admin
44670105,Chave combinada 9/16,7,11/07/2023,10:59,-,-,Administrador,Admin
44670100,Chave combinada 1/4,7,11/07/2023,10:59,-,-,Administrador,Admin
44204008,Chave fixa CuBe 1x1.1/8,7,11/07/2023,10:59,-,-,Administrador,Admin
44204006,Chave fixa CuBe 13/16x7/8,7,11/07/2023,10:59,-,-,Administrador,Admin
44204006,Chave fixa CuBe 13/16x7/8,7,11/07/2023,10:59,-,-,Administrador,Admin
44670107,Chave combinada 11/16,7,11/07/2023,10:59,-,-,Administrador,Admin
44670106,Chave combinada 5/8,7,11/07/2023,10:59,-,-,Administrador,Admin
44201003,Chave combinada CuBe 7/16,7,11/07/2023,10:59,-,-,Administrador,Admin
44201005,Chave combinada CuBe 9/16,7,11/07/2023,10:59,-,-,Administrador,Admin
44201004,Chave combinada CuBe 1/2,7,11/07/2023,10:59,-,-,Administrador,Admin
44201007,Chave combinada CuBe 5/8,7,11/07/2023,10:59,-,-,Administrador,Admin
44204004,Chave fixa CuBe 9/16x5/8,7,11/07/2023,10:59,-,-,Administrador,Admin
44201000,Chave combinada CuBe 1/4,7,11/07/2023,10:59,-,-,Administrador,Admin
44670104,Chave combinada 1/2,7,11/07/2023,10:59,-,-,Administrador,Admin
44204005,Chave fixa CuBe 11/16x3/4,7,11/07/2023,10:59,-,-,Administrador,Admin
44201008,Chave combinada CuBe 11/16,7,11/07/2023,10:59,-,-,Administrador,Admin
44060101,Alicate para arame de segurança 9,8,11/07/2023,11:00,-,-,Administrador,Admin
44801101,Adaptador 1/4 para 3/8,8,11/07/2023,11:00,-,-,Administrador,Admin
44827104,Adaptador 3/8 para 1/4,8,11/07/2023,11:00,-,-,Administrador,Admin
44808108,Soquete sextavado longo 1/4 - 7/16,8,11/07/2023,11:00,-,-,Administrador,Admin
44808103,Soquete sextavado longo 1/4 - 1/4,8,11/07/2023,11:00,-,-,Administrador,Admin
44804100,Catraca 1/4 6,8,11/07/2023,11:00,-,-,Administrador,Admin
44804104,Extensão 1/4 4,8,11/07/2023,11:00,-,-,Administrador,Admin
44670104,Chave combinada 1/2,8,11/07/2023,11:00,-,-,Administrador,Admin
44641101,Chave catraca 5/16x3/8 - 7/16x1/2,8,11/07/2023,11:00,-,-,Administrador,Admin
44641103,Chave catraca 9/16x5/8 - 11/16x3/4,8,11/07/2023,11:00,-,-,Administrador,Admin
44004181,Alicate curvo 8,8,11/07/2023,11:00,-,-,Administrador,Admin
44003106,Alicate diagonal 6,8,11/07/2023,11:00,-,-,Administrador,Admin
43158305,Trena profissional 5M,8,11/07/2023,11:00,-,-,Administrador,Admin
44641103,Chave catraca 9/16x5/8 - 11/16x3/4,1,11/07/2023,11:01,-,-,Administrador,Admin
44670113,Chave combinada 1,1,11/07/2023,11:01,-,-,Administrador,Admin
44670111,Chave combinada 7/8,1,11/07/2023,11:01,-,-,Administrador,Admin
44670107,Chave combinada 11/16,1,11/07/2023,11:01,-,-,Administrador,Admin
44670105,Chave combinada 9/16,1,11/07/2023,11:01,-,-,Administrador,Admin
44670104,Chave combinada 1/2,1,11/07/2023,11:01,-,-,Administrador,Admin
44827104,Adaptador 3/8 para 1/4,1,11/07/2023,11:01,-,-,Administrador,Admin
44801101,Adaptador 1/4 para 3/8,1,11/07/2023,11:01,-,-,Administrador,Admin
44806106,Soquete sextavado 1/4 - 11/32,1,11/07/2023,11:01,-,-,Administrador,Admin
44806105,Soquete sextavado 1/4 - 5/16,1,11/07/2023,11:01,-,-,Administrador,Admin
44806103,Soquete sextavado 1/4 - 1/4,1,11/07/2023,11:01,-,-,Administrador,Admin
44804104,Extensão 1/4 4,1,11/07/2023,11:01,-,-,Administrador,Admin
44670102,Chave combinada 3/8,1,11/07/2023,11:01,-,-,Administrador,Admin
44002126,Alicate diagonal corte rente p/ plastico 6,1,11/07/2023,11:01,-,-,Administrador,Admin
44003106,Alicate diagonal 6,1,11/07/2023,11:01,-,-,Administrador,Admin
44808108,Soquete sextavado longo 1/4 - 7/16,1,11/07/2023,11:01,-,-,Administrador,Admin
44808107,Soquete sextavado longo 1/4 - 3/8,1,11/07/2023,11:01,-,-,Administrador,Admin
44810109,Soquete estriado 1/4 - 1/2,1,11/07/2023,11:01,-,-,Administrador,Admin
44804100,Catraca 1/4 6,1,11/07/2023,11:01,-,-,Administrador,Admin
44130030,Chave de fenda ponta chata 6x100 - 1/4x4,1,11/07/2023,11:01,-,-,Administrador,Admin
44130030,Chave de fenda ponta chata 6x100 - 1/4x4,1,11/07/2023,11:01,-,-,Administrador,Admin
44135021,Chave de fenda ponta cruzada 5x100 - 3/16x4,1,11/07/2023,11:01,-,-,Administrador,Admin
44135031,Chave de fenda ponta cruzada 6x150 - 1/4x6,1,11/07/2023,11:01,-,-,Administrador,Admin
44137001,Chave toco ponta cruzada 5x38 - 3/16x1.1/2,3,11/07/2023,11:03,-,-,Administrador,Admin
44003106,Alicate diagonal 6,3,11/07/2023,11:03,-,-,Administrador,Admin
44641101,Chave catraca 5/16x3/8 - 7/16x1/2,3,11/07/2023,11:03,-,-,Administrador,Admin
44806105,Soquete sextavado 1/4 - 5/16,3,11/07/2023,11:03,-,-,Administrador,Admin
44806103,Soquete sextavado 1/4 - 1/4,3,11/07/2023,11:03,-,-,Administrador,Admin
44804100,Catraca 1/4 6,3,11/07/2023,11:03,-,-,Administrador,Admin
44804100,Catraca 1/4 6,3,11/07/2023,11:03,-,-,Administrador,Admin
44670103,Chave combinada 7/16,3,11/07/2023,11:03,-,-,Administrador,Admin
44670102,Chave combinada 3/8,3,11/07/2023,11:03,-,-,Administrador,Admin
44670100,Chave combinada 1/4,3,11/07/2023,11:03,-,-,Administrador,Admin
44009107,Alicate para anéis internos curvo 7,3,11/07/2023,11:03,-,-,Administrador,Admin
44060101,Alicate para arame de segurança 9,3,11/07/2023,11:03,-,-,Administrador,Admin
44641103,Chave catraca 9/16x5/8 - 11/16x3/4,3,11/07/2023,11:03,-,-,Administrador,Admin
44004183,Alicate meia cana reto dupla injeção,3,11/07/2023,11:03,-,-,Administrador,Admin
44670105,Chave combinada 9/16,3,11/07/2023,11:03,-,-,Administrador,Admin
44670105,Chave combinada 9/16,3,11/07/2023,11:03,-,-,Administrador,Admin
44670104,Chave combinada 1/2,3,11/07/2023,11:03,-,-,Administrador,Admin
44011107,Alicate para anéis externos curvo 7,3,11/07/2023,11:03,-,-,Administrador,Admin
44010107,Alicate para anéis externos reto 7,3,11/07/2023,11:03,-,-,Administrador,Admin
40673037,Martelo sem retrocesso 500g,3,11/07/2023,11:03,-,-,Administrador,Admin
40670032,Martelo de borda TPU 30mm,3,11/07/2023,11:03,-,-,Administrador,Admin
44135033,Chave de fenda ponta cruzada 6x250 - 1/4x10,5,11/07/2023,11:05,-,-,Administrador,Admin
44135031,Chave de fenda ponta cruzada 6x150 - 1/4x6,5,11/07/2023,11:05,-,-,Administrador,Admin
44130030,Chave de fenda ponta chata 6x100 -1/4x4,5,11/07/2023,11:05,-,-,Administrador,Admin
44641101,Chave catraca 5/16x3/8 - 7/16x1/2,5,11/07/2023,11:05,-,-,Administrador,Admin
44641103,Chave catraca 9/16x5/8 - 11/16x3/4,5,11/07/2023,11:05,-,-,Administrador,Admin
25926160,"Tesoura para costura 25,4cm 25926/160",5,11/07/2023,11:05,-,-,Administrador,Admin
40670032,Martelo de borda TPU 30mm,5,11/07/2023,11:05,-,-,Administrador,Admin
44670111,Chave combinada 7/8,4,11/07/2023,11:06,-,-,Administrador,Admin
44670115,Chave combinada 1.1/8,4,11/07/2023,11:06,-,-,Administrador,Admin
44809105,Soquete estriado 1/4 5mm,4,11/07/2023,11:06,-,-,Administrador,Admin
44808108,Soquete sextavado longo 1/4 - 7/16,4,11/07/2023,11:06,-,-,Administrador,Admin
44808103,Soquete sextavado longo 1/4 - 1/4,4,11/07/2023,11:06,-,-,Administrador,Admin
44003106,Alicate diagonal 6,4,11/07/2023,11:06,-,-,Administrador,Admin
44804100,Catraca 1/4 6,4,11/07/2023,11:06,-,-,Administrador,Admin
44826108,Catraca 3/8 8,4,11/07/2023,11:06,-,-,Administrador,Admin
44808107,Soquete sextavado longo 1/4 - 3/8,4,11/07/2023,11:06,-,-,Administrador,Admin
44808105,Soquete sextavado longo 1/4 - 5/16,4,11/07/2023,11:06,-,-,Administrador,Admin
44670110,Chave combinada 13/16,4,11/07/2023,11:06,-,-,Administrador,Admin
44060101,Alicate para arame de segurança 9,4,11/07/2023,11:06,-,-,Administrador,Admin
44809155,Soquete estriado 1/4 5.5mm,4,11/07/2023,11:06,-,-,Administrador,Admin
44004181,Alicate meia cana curvo dupla injeção,4,11/07/2023,11:06,-,-,Administrador,Admin
44827104,Adaptador 3/8 para 1/4,6,11/07/2023,11:06,-,-,Administrador,Admin
44869109,Soquete estriado longo 3/8 - 7/8,6,11/07/2023,11:06,-,-,Administrador,Admin
44804100,Catraca 1/4 6,6,11/07/2023,11:06,-,-,Administrador,Admin
44804104,Extensão 1/4 4,6,11/07/2023,11:06,-,-,Administrador,Admin
44806103,Soquete sextavado 1/4 - 1/4,6,11/07/2023,11:06,-,-,Administrador,Admin
44801101,Adaptador 1/4 para 3/8,6,11/07/2023,11:06,-,-,Administrador,Admin
44223106,Alicate corte diagonal CuBe 6,6,11/07/2023,11:06,-,-,Administrador,Admin
44225006,Alicate meia cana CuBe 6,6,11/07/2023,11:06,-,-,Administrador,Admin
44229010,Chave fenda ponta cruzada CuBe Nr. 0,6,11/07/2023,11:06,-,-,Administrador,Admin
44135020,Chave fenda ponta cruzada 5x75 - 3/16x3,6,11/07/2023,11:06,-,-,Administrador,Admin
44229031,Chave fenda ponta cruzada CuBe Nr. 2,6,11/07/2023,11:06,-,-,Administrador,Admin
44135029,Chave fenda ponta cruzada 6x125 - 1/4x5,6,11/07/2023,11:06,-,-,Administrador,Admin
44060101,Alicate para arame de segurança 9,6,11/07/2023,11:06,-,-,Administrador,Admin
44641103,Chave catraca 9/16x5/8 - 11/16x3/4,6,11/07/2023,11:06,-,-,Administrador,Admin
44641101,Chave catraca 5/16x3/8 - 7/16x1/2,6,11/07/2023,11:06,-,-,Administrador,Admin
44222008,Alicate universal CuBe 8,6,11/07/2023,11:06,-,-,Administrador,Admin
44004183,"Alicate Meia Cana - Bico Longo Reto Isolado 1.000 V 8""",1,13/07/2023,16:50,13/07/2023,16:51,Administrador,Admin
44023103,Tesoura de Aviação Corte Direito,2,13/07/2023,16:51,13/07/2023,16:51,Tramontina Pro,Tramontina
44023102,Tesoura de Aviação Corte Esquerdo,2,13/07/2023,16:51,13/07/2023,16:51,Tramontina Pro,Tramontina
44052903,"Chave de Fenda Ponta Chata 2,5 mm",3,13/07/2023,16:51,13/07/2023,16:51,Tramontina Pro,Tramontina
44676103,"Chave Meia-Lua 9/16x5/8""",4,13/07/2023,16:51,13/07/2023,16:51,Tramontina Pro,Tramontina
44670103,"Chave Combinada 7/16""",4,13/07/2023,16:51,13/07/2023,16:51,Tramontina Pro,Tramontina
44641101,"Chave com Catraca 4 Bocas 5/16""x3/8""x7/16""x1/2""",5,13/07/2023,16:52,13/07/2023,16:52,Tramontina Pro,Tramontina
44838101,"Junta Universal - Encaixe 1/2""",6,13/07/2023,16:52,13/07/2023,16:52,Tramontina Pro,Tramontina
44801101,"Adaptador 1/4"" x 3/8""",6,13/07/2023,16:52,13/07/2023,16:52,Tramontina Pro,Tramontina
44851113,"Soquete Xtractor Plus 13 mm - Encaixe 1/2""",6,13/07/2023,16:52,13/07/2023,16:52,Tramontina Pro,Tramontina
00000001,Calculadora,7,13/07/2023,16:53,13/07/2023,16:53,Tramontina Pro,Tramontina
44515001,"Cabeça Intercambiável Chave Catraca 3/8"" - Encaixe 9x12",8,13/07/2023,16:53,13/07/2023,16:53,Tramontina Pro,Tramontina
44004181,"Alicate Meia Cana - Bico Longo Curvo Isolado 1.000 V 8""",1,14/07/2023,7:27,14/07/2023,7:27,Tramontina Pro,Tramontina
44002126,"Alicate Corte Rente Diagonal 6""",1,14/07/2023,7:27,14/07/2023,7:27,Tramontina Pro,Tramontina
44004183,"Alicate Meia Cana - Bico Longo Reto Isolado 1.000 V 8""",1,14/07/2023,7:27,14/07/2023,7:27,Tramontina Pro,Tramontina
44003106,"Alicate Corte Diagonal Isolado 1.000 V 6""",1,14/07/2023,7:27,14/07/2023,7:27,Tramontina Pro,Tramontina
44008107,"Alicate para Anéis Internos Reto 7""",1,14/07/2023,7:27,14/07/2023,7:27,Tramontina Pro,Tramontina
44009107,"Alicate para Anéis Internos Curvo 7""",1,14/07/2023,7:27,14/07/2023,7:28,Tramontina Pro,Tramontina
44070101,"Alicate para Eletrônica Corte Diagonal 4""",1,14/07/2023,7:28,14/07/2023,7:28,Tramontina Pro,Tramontina
44071101,"Alicate para Eletrônica Meia Cana 5""",1,14/07/2023,7:28,14/07/2023,7:28,Tramontina Pro,Tramontina
44074101,"Alicate para Eletrônica Bico Longo 6""",1,14/07/2023,7:28,14/07/2023,7:28,Tramontina Pro,Tramontina
44011107,"Alicate para Anéis Externos Curvo 7""",1,14/07/2023,7:28,14/07/2023,7:28,Tramontina Pro,Tramontina
44023102,Tesoura de Aviação Corte Esquerdo,2,14/07/2023,7:37,14/07/2023,7:37,Tramontina Pro,Tramontina
44023103,Tesoura de Aviação Corte Direito,2,14/07/2023,7:37,14/07/2023,7:38,Tramontina Pro,Tramontina
44023102,Tesoura de Aviação Corte Esquerdo,2,14/07/2023,7:37,14/07/2023,7:38,Tramontina Pro,Tramontina
44023101,Tesoura de Aviação Corte Reto,2,14/07/2023,7:37,14/07/2023,7:38,Tramontina Pro,Tramontina
44060101,"Alicate para Arame de Segurança 9""",2,14/07/2023,7:38,14/07/2023,7:38,Tramontina Pro,Tramontina
44052905,Chave de Fenda Ponta Cruzada 3 mm,3,14/07/2023,7:41,14/07/2023,7:42,Tramontina Pro,Tramontina
44052904,Chave de Fenda Ponta Chata 3 mm,3,14/07/2023,7:42,14/07/2023,7:42,Tramontina Pro,Tramontina
44052906,"Chave de Fenda Ponta Cruzada 2,5 mm",3,14/07/2023,7:42,14/07/2023,7:42,Tramontina Pro,Tramontina
44052903,"Chave de Fenda Ponta Chata 2,5 mm",3,14/07/2023,7:42,14/07/2023,7:43,Tramontina Pro,Tramontina
44052905,Chave de Fenda Ponta Cruzada 3 mm,3,14/07/2023,7:43,14/07/2023,7:43,Tramontina Pro,Tramontina
44052903,"Chave de Fenda Ponta Chata 2,5 mm",3,14/07/2023,7:43,14/07/2023,7:43,Tramontina Pro,Tramontina
44052901,Chave de Fenda Ponta Trafix 8,3,14/07/2023,7:43,14/07/2023,7:44,Tramontina Pro,Tramontina
44052902,Chave de Fenda Ponta Trafix 10,3,14/07/2023,7:44,14/07/2023,7:44,Tramontina Pro,Tramontina
44130030,"Chave de Fenda Ponta Chata 6x100 mm (1/4x4"")",3,14/07/2023,7:44,14/07/2023,7:44,Tramontina Pro,Tramontina
44137001,"Chave de Fenda Toco Ponta Cruzada 5x38 mm (3/16x1.1/2"")",3,14/07/2023,7:44,14/07/2023,7:44,Tramontina Pro,Tramontina
44132001,"Chave de Fenda Ponta Chata 5x38 mm (3/16x1.1/2"")",3,14/07/2023,7:44,14/07/2023,7:44,Tramontina Pro,Tramontina
44135021,"Chave de Fenda Ponta Cruzada 5x100 mm (3/16x4"")",3,14/07/2023,7:44,14/07/2023,7:44,Tramontina Pro,Tramontina
44135031,"Chave de Fenda Ponta Cruzada 6x150 mm (1/4x6"")",3,14/07/2023,7:44,14/07/2023,7:45,Tramontina Pro,Tramontina
44135033,"Chave de Fenda Ponta Cruzada 6x250 mm (1/4x10"")",3,14/07/2023,7:45,14/07/2023,7:45,Tramontina Pro,Tramontina
44137001,"Chave de Fenda Toco Ponta Cruzada 5x38 mm (3/16x1.1/2"")",3,14/07/2023,7:45,14/07/2023,7:45,Tramontina Pro,Tramontina
44130030,"Chave de Fenda Ponta Chata 6x100 mm (1/4x4"")",3,14/07/2023,7:45,14/07/2023,7:45,Tramontina Pro,Tramontina
44052905,Chave de Fenda Ponta Cruzada 3 mm,3,14/07/2023,7:45,14/07/2023,7:45,Tramontina Pro,Tramontina
44052904,Chave de Fenda Ponta Chata 3 mm,3,14/07/2023,7:45,14/07/2023,7:45,Tramontina Pro,Tramontina
44052906,"Chave de Fenda Ponta Cruzada 2,5 mm",3,14/07/2023,7:45,14/07/2023,7:45,Tramontina Pro,Tramontina
44052903,"Chave de Fenda Ponta Chata 2,5 mm",3,14/07/2023,7:45,14/07/2023,7:45,Tramontina Pro,Tramontina
44052901,Chave de Fenda Ponta Trafix 8,3,14/07/2023,7:45,14/07/2023,7:45,Tramontina Pro,Tramontina
44052902,Chave de Fenda Ponta Trafix 10,3,14/07/2023,7:45,14/07/2023,7:45,Tramontina Pro,Tramontina
44636104,"Chave Poligonal Aberta 7/16x1/2""",4,14/07/2023,7:47,14/07/2023,7:49,Tramontina Pro,Tramontina
44636104,"Chave Poligonal Aberta 7/16x1/2""",4,14/07/2023,7:49,14/07/2023,7:50,Tramontina Pro,Tramontina
44676103,"Chave Meia-Lua 9/16x5/8""",4,14/07/2023,7:50,14/07/2023,7:50,Tramontina Pro,Tramontina
44636104,"Chave Poligonal Aberta 7/16x1/2""",4,14/07/2023,7:50,14/07/2023,7:50,Tramontina Pro,Tramontina
44636103,"Chave Poligonal Aberta 3/8x7/16"" ",4,14/07/2023,7:50,14/07/2023,7:51,Tramontina Pro,Tramontina
44634104,Chave Estrela com Catraca 12x13 mm,4,14/07/2023,7:51,14/07/2023,7:51,Tramontina Pro,Tramontina
44670103,"Chave Combinada 7/16""",4,14/07/2023,7:51,14/07/2023,7:51,Tramontina Pro,Tramontina
44670104,"Chave Combinada 1/2""",4,14/07/2023,7:52,14/07/2023,7:52,Tramontina Pro,Tramontina
44670105,"Chave Combinada 9/16""",4,14/07/2023,7:52,14/07/2023,7:52,Tramontina Pro,Tramontina
44670106,"Chave Combinada 5/8""",4,14/07/2023,7:52,14/07/2023,7:52,Tramontina Pro,Tramontina
44670107,"Chave Combinada 11/16""",4,14/07/2023,7:52,14/07/2023,7:53,Tramontina Pro,Tramontina
44670111,"Chave Combinada 7/8""",4,14/07/2023,7:53,14/07/2023,7:55,Tramontina Pro,Tramontina
44637101,Chave com Catraca 4 Bocas 8x9x10x11 mm,5,14/07/2023,7:59,14/07/2023,7:59,Tramontina Pro,Tramontina
44620100,"Chave Fixa 1/4x5/16""",5,14/07/2023,8:00,14/07/2023,8:00,Tramontina Pro,Tramontina
44641103,"Chave com Catraca 4 Bocas 9/16""x5/8""x11/16""x3/4""",5,14/07/2023,8:03,14/07/2023,8:03,Tramontina Pro,Tramontina
44641101,"Chave com Catraca 4 Bocas 5/16""x3/8""x7/16""x1/2""",5,14/07/2023,8:03,14/07/2023,8:03,Tramontina Pro,Tramontina
44620102,"Chave Fixa 1/2x9/16""",5,14/07/2023,8:03,14/07/2023,8:04,Tramontina Pro,Tramontina
44637101,Chave com Catraca 4 Bocas 8x9x10x11 mm,5,14/07/2023,8:04,14/07/2023,8:04,Tramontina Pro,Tramontina
44637103,Chave com Catraca 4 Bocas 12x13x14x15 mm,5,14/07/2023,8:04,14/07/2023,8:04,Tramontina Pro,Tramontina
44637104,Chave com Catraca 4 Bocas 13x15x17x19 mm,5,14/07/2023,8:04,14/07/2023,8:04,Tramontina Pro,Tramontina
44681117,Chave Combinada com Catraca 17 mm,5,14/07/2023,8:04,14/07/2023,8:04,Tramontina Pro,Tramontina
44652119,Chave Combinada com Catraca 19 mm,5,14/07/2023,8:04,14/07/2023,8:04,Tramontina Pro,Tramontina
44620103,"Chave Fixa 5/8x11/16""",5,14/07/2023,8:04,14/07/2023,8:05,Tramontina Pro,Tramontina
44620100,"Chave Fixa 1/4x5/16""",5,14/07/2023,8:05,14/07/2023,8:05,Tramontina Pro,Tramontina
44681117,Chave Combinada com Catraca 17 mm,5,14/07/2023,8:05,14/07/2023,8:06,Tramontina Pro,Tramontina
44681117,Chave Combinada com Catraca 17 mm,5,14/07/2023,8:07,14/07/2023,8:08,Tramontina Pro,Tramontina
44550303,Lanterna de LED Recarregável com Gancho Magnético,7,14/07/2023,8:34,14/07/2023,8:34,Tramontina Pro,Tramontina
44095501,Riscador Tipo Caneta,7,14/07/2023,8:34,14/07/2023,8:34,Tramontina Pro,Tramontina
44550302,Lanterna de LED Recarregável com Base Magnética,7,14/07/2023,8:34,14/07/2023,8:34,Tramontina Pro,Tramontina
44401207,Jogo de Chaves Hexagonais com Armação 7 Peças,7,14/07/2023,8:34,14/07/2023,8:34,Tramontina Pro,Tramontina
43158305,Trena Profissional Tramontina com Ponta Magnética 5 m,7,14/07/2023,8:34,14/07/2023,8:35,Tramontina Pro,Tramontina
44036030,Mini Corta-Tubos - PVC e Cobre,7,14/07/2023,8:35,14/07/2023,8:35,Tramontina Pro,Tramontina
00000001,Calculadora,7,14/07/2023,8:35,14/07/2023,8:35,Tramontina Pro,Tramontina
44033501,Faca Industrial,7,14/07/2023,8:35,14/07/2023,8:35,Tramontina Pro,Tramontina
44099150,Extensão Telescópica com Espelho Articulado 360°,8,14/07/2023,8:41,14/07/2023,8:42,Tramontina Pro,Tramontina
44510202,Torquímetro de Estalo Intercambiável 20-100 N.m - Encaixe 9x12,8,14/07/2023,8:42,14/07/2023,8:42,Tramontina Pro,Tramontina
40673037,Martelo sem Retrocesso 500 g,8,14/07/2023,8:42,14/07/2023,8:42,Tramontina Pro,Tramontina
40670032,Martelo de Borda em Poliuretano 30 mm,8,14/07/2023,8:42,14/07/2023,8:42,Tramontina Pro,Tramontina
44512019,Cabeça Intercambiável Chave Estrela 19 mm - Encaixe 9x12,8,14/07/2023,8:42,14/07/2023,8:42,Tramontina Pro,Tramontina
44511019,Cabeça Intercambiável Chave Fixa 19 mm - Encaixe 9x12,8,14/07/2023,8:42,14/07/2023,8:42,Tramontina Pro,Tramontina
44515001,"Cabeça Intercambiável Chave Catraca 3/8"" - Encaixe 9x12",8,14/07/2023,8:42,14/07/2023,8:43,Tramontina Pro,Tramontina
44517019,Cabeça Intercambiável Chave Poligonal Aberta 19 mm - Encaixe 9x12,8,14/07/2023,8:43,14/07/2023,8:43,Tramontina Pro,Tramontina
44826108,"Catraca 8"" - Encaixe 3/8""",6,14/07/2023,8:48,14/07/2023,8:48,Tramontina Pro,Tramontina
44804100,"Catraca 6"" - Encaixe 1/4""",6,14/07/2023,8:48,14/07/2023,8:49,Tramontina Pro,Tramontina
44838101,"Junta Universal - Encaixe 1/2""",6,14/07/2023,8:49,14/07/2023,8:49,Tramontina Pro,Tramontina
44804104,"Extensão 4"" - Encaixe 1/4""",6,14/07/2023,8:49,14/07/2023,8:49,Tramontina Pro,Tramontina
44851117,"Soquete Xtractor Plus 17 mm - Encaixe 1/2""",6,14/07/2023,8:49,14/07/2023,8:50,Tramontina Pro,Tramontina
44841102,"Catraca Telescópica Cabeça Flexível - Encaixe 1/2""",6,14/07/2023,8:49,14/07/2023,8:50,Tramontina Pro,Tramontina
44841112,"Catraca Telescópica - Encaixe 1/2""",6,14/07/2023,8:50,14/07/2023,8:50,Tramontina Pro,Tramontina
44801101,"Adaptador 1/4"" x 3/8""",6,14/07/2023,8:49,14/07/2023,8:50,Tramontina Pro,Tramontina
44812107,"Soquete Ponta Hexagonal 7 mm - Encaixe 3/8""",6,14/07/2023,8:50,14/07/2023,8:51,Tramontina Pro,Tramontina
44844145,"Soquete Ponta Trafix T45 - Encaixe 1/2""",6,14/07/2023,8:50,14/07/2023,8:51,Tramontina Pro,Tramontina
44851117,"Soquete Xtractor Plus 17 mm - Encaixe 1/2""",6,14/07/2023,8:51,14/07/2023,9:06,Tramontina Pro,Tramontina
44844145,"Soquete Ponta Trafix T45 - Encaixe 1/2""",6,14/07/2023,9:06,14/07/2023,9:08,Tramontina Pro,Tramontina
44841101,"Catraca - Encaixe 1/2""",6,14/07/2023,10:11,14/07/2023,10:11,Tramontina Pro,Tramontina
44002126,"Alicate Corte Rente Diagonal 6""",1,14/07/2023,13:36,14/07/2023,13:36,Tramontina Pro,Tramontina
44008107,"Alicate para Anéis Internos Reto 7""",1,14/07/2023,13:36,14/07/2023,13:36,Tramontina Pro,Tramontina
44132001,"Chave de Fenda Ponta Chata 5x38 mm (3/16x1.1/2"")",3,14/07/2023,13:41,14/07/2023,13:56,Tramontina Pro,Tramontina
44004181,"Alicate Meia Cana - Bico Longo Curvo Isolado 1.000 V 8""",1,14/07/2023,13:56,14/07/2023,13:57,Tramontina Pro,Tramontina
44004183,"Alicate Meia Cana - Bico Longo Reto Isolado 1.000 V 8""",1,14/07/2023,13:57,14/07/2023,13:57,Tramontina Pro,Tramontina
44008107,"Alicate para Anéis Internos Reto 7""",1,14/07/2023,13:57,14/07/2023,13:57,Tramontina Pro,Tramontina
44009107,"Alicate para Anéis Internos Curvo 7""",1,14/07/2023,13:57,14/07/2023,13:57,Tramontina Pro,Tramontina
44010107,"Alicate para Anéis Externos Reto 7""",1,14/07/2023,13:57,14/07/2023,13:57,Tramontina Pro,Tramontina
44011107,"Alicate para Anéis Externos Curvo 7""",1,14/07/2023,13:57,14/07/2023,13:58,Tramontina Pro,Tramontina
44002126,"Alicate Corte Rente Diagonal 6""",1,14/07/2023,13:58,14/07/2023,13:58,Tramontina Pro,Tramontina
44003106,"Alicate Corte Diagonal Isolado 1.000 V 6""",1,14/07/2023,13:58,14/07/2023,13:58,Tramontina Pro,Tramontina
44070101,"Alicate para Eletrônica Corte Diagonal 4""",1,14/07/2023,13:58,14/07/2023,13:58,Tramontina Pro,Tramontina
44071101,"Alicate para Eletrônica Meia Cana 5""",1,14/07/2023,13:58,14/07/2023,13:58,Tramontina Pro,Tramontina
44074101,"Alicate para Eletrônica Bico Longo 6""",1,14/07/2023,13:58,14/07/2023,13:58,Tramontina Pro,Tramontina
44060101,"Alicate para Arame de Segurança 9""",2,14/07/2023,13:59,14/07/2023,13:59,Tramontina Pro,Tramontina
44023103,Tesoura de Aviação Corte Direito,2,14/07/2023,13:59,14/07/2023,13:59,Tramontina Pro,Tramontina
44023102,Tesoura de Aviação Corte Esquerdo,2,14/07/2023,13:59,14/07/2023,13:59,Tramontina Pro,Tramontina
44023101,Tesoura de Aviação Corte Reto,2,14/07/2023,13:59,14/07/2023,13:59,Tramontina Pro,Tramontina
44023103,Tesoura de Aviação Corte Direito,2,14/07/2023,13:59,14/07/2023,13:59,Tramontina Pro,Tramontina
44023102,Tesoura de Aviação Corte Esquerdo,2,14/07/2023,13:59,14/07/2023,13:59,Tramontina Pro,Tramontina
44130030,"Chave de Fenda Ponta Chata 6x100 mm (1/4x4"")",3,14/07/2023,13:59,14/07/2023,14:00,Tramontina Pro,Tramontina
44137001,"Chave de Fenda Toco Ponta Cruzada 5x38 mm (3/16x1.1/2"")",3,14/07/2023,14:00,14/07/2023,14:00,Tramontina Pro,Tramontina
44132001,"Chave de Fenda Ponta Chata 5x38 mm (3/16x1.1/2"")",3,14/07/2023,14:00,14/07/2023,14:00,Tramontina Pro,Tramontina
44135021,"Chave de Fenda Ponta Cruzada 5x100 mm (3/16x4"")",3,14/07/2023,14:00,14/07/2023,14:00,Tramontina Pro,Tramontina
44130030,"Chave de Fenda Ponta Chata 6x100 mm (1/4x4"")",3,14/07/2023,14:00,14/07/2023,14:01,Tramontina Pro,Tramontina
44135031,"Chave de Fenda Ponta Cruzada 6x150 mm (1/4x6"")",3,14/07/2023,14:00,14/07/2023,14:01,Tramontina Pro,Tramontina
44135033,"Chave de Fenda Ponta Cruzada 6x250 mm (1/4x10"")",3,14/07/2023,14:01,14/07/2023,14:01,Tramontina Pro,Tramontina
44135031,"Chave de Fenda Ponta Cruzada 6x150 mm (1/4x6"")",3,14/07/2023,14:01,14/07/2023,14:01,Tramontina Pro,Tramontina
44135021,"Chave de Fenda Ponta Cruzada 5x100 mm (3/16x4"")",3,14/07/2023,14:01,14/07/2023,14:02,Tramontina Pro,Tramontina
44676103,"Chave Meia-Lua 9/16x5/8""",4,14/07/2023,14:02,14/07/2023,14:02,Tramontina Pro,Tramontina
44636104,"Chave Poligonal Aberta 7/16x1/2""",4,14/07/2023,14:02,14/07/2023,14:02,Tramontina Pro,Tramontina
44636103,"Chave Poligonal Aberta 3/8x7/16"" ",4,14/07/2023,14:02,14/07/2023,14:02,Tramontina Pro,Tramontina
44634104,Chave Estrela com Catraca 12x13 mm,4,14/07/2023,14:02,14/07/2023,14:02,Tramontina Pro,Tramontina
44670103,"Chave Combinada 7/16""",4,14/07/2023,14:02,14/07/2023,14:03,Tramontina Pro,Tramontina
44670104,"Chave Combinada 1/2""",4,14/07/2023,14:02,14/07/2023,14:03,Tramontina Pro,Tramontina
44670105,"Chave Combinada 9/16""",4,14/07/2023,14:03,14/07/2023,14:03,Tramontina Pro,Tramontina
44670104,"Chave Combinada 1/2""",4,14/07/2023,14:03,14/07/2023,14:03,Tramontina Pro,Tramontina
44670106,"Chave Combinada 5/8""",4,14/07/2023,14:03,14/07/2023,14:03,Tramontina Pro,Tramontina
44670107,"Chave Combinada 11/16""",4,14/07/2023,14:03,14/07/2023,14:04,Tramontina Pro,Tramontina
44636104,"Chave Poligonal Aberta 7/16x1/2""",4,14/07/2023,14:04,14/07/2023,14:04,Tramontina Pro,Tramontina
44670111,"Chave Combinada 7/8""",4,14/07/2023,14:04,14/07/2023,14:04,Tramontina Pro,Tramontina
44620102,"Chave Fixa 1/2x9/16""",5,14/07/2023,14:04,14/07/2023,14:04,Tramontina Pro,Tramontina
44620103,"Chave Fixa 5/8x11/16""",5,14/07/2023,14:04,14/07/2023,14:05,Tramontina Pro,Tramontina
44620100,"Chave Fixa 1/4x5/16""",5,14/07/2023,14:05,14/07/2023,14:05,Tramontina Pro,Tramontina
44641103,"Chave com Catraca 4 Bocas 9/16""x5/8""x11/16""x3/4""",5,14/07/2023,14:05,14/07/2023,14:05,Tramontina Pro,Tramontina
44641101,"Chave com Catraca 4 Bocas 5/16""x3/8""x7/16""x1/2""",5,14/07/2023,14:05,14/07/2023,14:05,Tramontina Pro,Tramontina
44637101,Chave com Catraca 4 Bocas 8x9x10x11 mm,5,14/07/2023,14:05,14/07/2023,14:05,Tramontina Pro,Tramontina
44637103,Chave com Catraca 4 Bocas 12x13x14x15 mm,5,14/07/2023,14:05,14/07/2023,14:05,Tramontina Pro,Tramontina
44637104,Chave com Catraca 4 Bocas 13x15x17x19 mm,5,14/07/2023,14:05,14/07/2023,14:05,Tramontina Pro,Tramontina
44681117,Chave Combinada com Catraca 17 mm,5,14/07/2023,14:05,14/07/2023,14:06,Tramontina Pro,Tramontina
44652119,Chave Combinada com Catraca 19 mm,5,14/07/2023,14:06,14/07/2023,14:06,Tramontina Pro,Tramontina
44812107,"Soquete Ponta Hexagonal 7 mm - Encaixe 3/8""",6,14/07/2023,14:06,14/07/2023,14:06,Tramontina Pro,Tramontina
44812105,"Soquete Ponta Hexagonal 5 mm - Encaixe 3/8""",6,14/07/2023,14:06,14/07/2023,14:06,Tramontina Pro,Tramontina
44844145,"Soquete Ponta Trafix T45 - Encaixe 1/2""",6,14/07/2023,14:06,14/07/2023,14:06,Tramontina Pro,Tramontina
44845112,"Soquete Ponta Hexagonal 12 mm - Encaixe 1/2""",6,14/07/2023,14:06,14/07/2023,14:06,Tramontina Pro,Tramontina
44842108,"Soquete Ponta Chata Tamanho 8 - Encaixe 1/2""",6,14/07/2023,14:06,14/07/2023,14:07,Tramontina Pro,Tramontina
44843103,"Soquete Ponta Cruzada NR3 - Encaixe 1/2""",6,14/07/2023,14:07,14/07/2023,14:07,Tramontina Pro,Tramontina
44869109,"Soquete Estriado Longo 7/8"" - Encaixe 3/8""",6,14/07/2023,14:07,14/07/2023,14:07,Tramontina Pro,Tramontina
44851119,"Soquete Xtractor Plus 19 mm - Encaixe 1/2""",6,14/07/2023,14:07,14/07/2023,14:07,Tramontina Pro,Tramontina
44851117,"Soquete Xtractor Plus 17 mm - Encaixe 1/2""",6,14/07/2023,14:07,14/07/2023,14:07,Tramontina Pro,Tramontina
44851113,"Soquete Xtractor Plus 13 mm - Encaixe 1/2""",6,14/07/2023,14:07,14/07/2023,14:07,Tramontina Pro,Tramontina
44811107,"Soquete Estriado 3/8"" - Encaixe 1/4""",6,14/07/2023,14:07,14/07/2023,14:07,Tramontina Pro,Tramontina
44851117,"Soquete Xtractor Plus 17 mm - Encaixe 1/2""",6,14/07/2023,14:07,14/07/2023,14:08,Tramontina Pro,Tramontina
44826108,"Catraca 8"" - Encaixe 3/8""",6,14/07/2023,14:07,14/07/2023,14:08,Tramontina Pro,Tramontina
44804100,"Catraca 6"" - Encaixe 1/4""",6,14/07/2023,14:08,14/07/2023,14:09,Tramontina Pro,Tramontina
44844145,"Soquete Ponta Trafix T45 - Encaixe 1/2""",6,14/07/2023,14:09,14/07/2023,14:10,Tramontina Pro,Tramontina
44869109,"Soquete Estriado Longo 7/8"" - Encaixe 3/8""",6,14/07/2023,14:09,14/07/2023,14:10,Tramontina Pro,Tramontina
44851119,"Soquete Xtractor Plus 19 mm - Encaixe 1/2""",6,14/07/2023,14:09,14/07/2023,14:10,Tramontina Pro,Tramontina
44851113,"Soquete Xtractor Plus 13 mm - Encaixe 1/2""",6,14/07/2023,14:09,14/07/2023,14:10,Tramontina Pro,Tramontina
44851117,"Soquete Xtractor Plus 17 mm - Encaixe 1/2""",6,14/07/2023,14:09,14/07/2023,14:10,Tramontina Pro,Tramontina
44801101,"Adaptador 1/4"" x 3/8""",6,14/07/2023,14:09,14/07/2023,14:11,Tramontina Pro,Tramontina
44838101,"Junta Universal - Encaixe 1/2""",6,14/07/2023,14:11,14/07/2023,14:11,Tramontina Pro,Tramontina
44804104,"Extensão 4"" - Encaixe 1/4""",6,14/07/2023,14:11,14/07/2023,14:11,Tramontina Pro,Tramontina
44841101,"Catraca - Encaixe 1/2""",6,14/07/2023,14:11,14/07/2023,14:12,Tramontina Pro,Tramontina
44845112,"Soquete Ponta Hexagonal 12 mm - Encaixe 1/2""",6,14/07/2023,14:12,14/07/2023,14:13,Tramontina Pro,Tramontina
44851119,"Soquete Xtractor Plus 19 mm - Encaixe 1/2""",6,14/07/2023,14:12,14/07/2023,14:13,Tramontina Pro,Tramontina
44851117,"Soquete Xtractor Plus 17 mm - Encaixe 1/2""",6,14/07/2023,14:12,14/07/2023,14:13,Tramontina Pro,Tramontina
44851113,"Soquete Xtractor Plus 13 mm - Encaixe 1/2""",6,14/07/2023,14:12,14/07/2023,14:13,Tramontina Pro,Tramontina
44841102,"Catraca Telescópica Cabeça Flexível - Encaixe 1/2""",6,14/07/2023,14:12,14/07/2023,14:13,Tramontina Pro,Tramontina
44845112,"Soquete Ponta Hexagonal 12 mm - Encaixe 1/2""",6,14/07/2023,14:13,14/07/2023,14:13,Tramontina Pro,Tramontina
44841112,"Catraca Telescópica - Encaixe 1/2""",6,14/07/2023,14:13,14/07/2023,14:13,Tramontina Pro,Tramontina
44812105,"Soquete Ponta Hexagonal 5 mm - Encaixe 3/8""",6,14/07/2023,14:17,14/07/2023,14:17,Tramontina Pro,Tramontina
44851117,"Soquete Xtractor Plus 17 mm - Encaixe 1/2""",6,14/07/2023,14:17,14/07/2023,14:17,Tramontina Pro,Tramontina
44801101,"Adaptador 1/4"" x 3/8""",6,14/07/2023,14:21,14/07/2023,14:21,Administrador,Admin
44844145,"Soquete Ponta Trafix T45 - Encaixe 1/2""",6,14/07/2023,14:22,14/07/2023,14:24,Administrador,Admin
44845112,"Soquete Ponta Hexagonal 12 mm - Encaixe 1/2""",6,14/07/2023,14:22,14/07/2023,14:24,Administrador,Admin
44842108,"Soquete Ponta Chata Tamanho 8 - Encaixe 1/2""",6,14/07/2023,14:22,14/07/2023,14:24,Administrador,Admin
44869109,"Soquete Estriado Longo 7/8"" - Encaixe 3/8""",6,14/07/2023,14:22,14/07/2023,14:24,Administrador,Admin
44851119,"Soquete Xtractor Plus 19 mm - Encaixe 1/2""",6,14/07/2023,14:22,14/07/2023,14:24,Administrador,Admin
44851117,"Soquete Xtractor Plus 17 mm - Encaixe 1/2""",6,14/07/2023,14:22,14/07/2023,14:24,Administrador,Admin
44812105,"Soquete Ponta Hexagonal 5 mm - Encaixe 3/8""",6,14/07/2023,14:22,14/07/2023,14:24,Administrador,Admin
44869109,"Soquete Estriado Longo 7/8"" - Encaixe 3/8""",6,14/07/2023,14:24,14/07/2023,14:24,Administrador,Admin
44851117,"Soquete Xtractor Plus 17 mm - Encaixe 1/2""",6,14/07/2023,14:24,14/07/2023,14:24,Administrador,Admin
44811107,"Soquete Estriado 3/8"" - Encaixe 1/4""",6,14/07/2023,14:24,14/07/2023,14:24,Administrador,Admin
44851119,"Soquete Xtractor Plus 19 mm - Encaixe 1/2""",6,14/07/2023,14:24,14/07/2023,14:24,Administrador,Admin
44851113,"Soquete Xtractor Plus 13 mm - Encaixe 1/2""",6,14/07/2023,14:24,14/07/2023,14:24,Administrador,Admin
44550303,Lanterna de LED Recarregável com Gancho Magnético,7,14/07/2023,14:25,14/07/2023,14:25,Administrador,Admin
44401207,Jogo de Chaves Hexagonais com Armação 7 Peças,7,14/07/2023,14:25,14/07/2023,14:25,Administrador,Admin
43158305,Trena Profissional Tramontina com Ponta Magnética 5 m,7,14/07/2023,14:25,14/07/2023,14:25,Administrador,Admin
44095501,Riscador Tipo Caneta,7,14/07/2023,14:25,14/07/2023,14:25,Administrador,Admin
44550302,Lanterna de LED Recarregável com Base Magnética,7,14/07/2023,14:25,14/07/2023,14:26,Administrador,Admin
00000001,Calculadora,7,14/07/2023,14:26,14/07/2023,14:26,Administrador,Admin
44036030,Mini Corta-Tubos - PVC e Cobre,7,14/07/2023,14:26,14/07/2023,14:26,Administrador,Admin
44051108,"Alicate Desencapador de Fios Automático 8""",7,14/07/2023,14:26,14/07/2023,14:26,Administrador,Admin
44033501,Faca Industrial,7,14/07/2023,14:26,14/07/2023,14:26,Administrador,Admin
44099150,Extensão Telescópica com Espelho Articulado 360°,8,14/07/2023,14:27,14/07/2023,14:27,Administrador,Admin
40673037,Martelo sem Retrocesso 500 g,8,14/07/2023,14:27,14/07/2023,14:27,Administrador,Admin
44512019,Cabeça Intercambiável Chave Estrela 19 mm - Encaixe 9x12,8,14/07/2023,14:27,14/07/2023,14:27,Administrador,Admin
44511019,Cabeça Intercambiável Chave Fixa 19 mm - Encaixe 9x12,8,14/07/2023,14:27,14/07/2023,14:28,Administrador,Admin
44515001,"Cabeça Intercambiável Chave Catraca 3/8"" - Encaixe 9x12",8,14/07/2023,14:28,14/07/2023,14:28,Administrador,Admin
44517019,Cabeça Intercambiável Chave Poligonal Aberta 19 mm - Encaixe 9x12,8,14/07/2023,14:28,14/07/2023,14:28,Administrador,Admin
44510202,Torquímetro de Estalo Intercambiável 20-100 N.m - Encaixe 9x12,8,14/07/2023,14:28,14/07/2023,14:28,Administrador,Admin
40670032,Martelo de Borda em Poliuretano 30 mm,8,14/07/2023,14:28,14/07/2023,14:28,Administrador,Admin
40673037,Martelo sem Retrocesso 500 g,8,14/07/2023,14:28,14/07/2023,14:28,Administrador,Admin
44634104,Chave Estrela com Catraca 12x13 mm,4,14/07/2023,14:33,14/07/2023,14:33,Administrador,Admin
44670105,"Chave Combinada 9/16""",4,14/07/2023,14:34,14/07/2023,14:34,Administrador,Admin
44670107,"Chave Combinada 11/16""",4,14/07/2023,14:34,14/07/2023,14:34,Administrador,Admin
44670111,"Chave Combinada 7/8""",4,14/07/2023,14:34,14/07/2023,14:34,Administrador,Admin
44670106,"Chave Combinada 5/8""",4,14/07/2023,14:34,14/07/2023,14:34,Administrador,Admin
44869109,"Soquete Estriado Longo 7/8"" - Encaixe 3/8""",6,14/07/2023,14:39,14/07/2023,14:42,Administrador,Admin
44851119,"Soquete Xtractor Plus 19 mm - Encaixe 1/2""",6,14/07/2023,14:39,14/07/2023,14:42,Administrador,Admin
44851117,"Soquete Xtractor Plus 17 mm - Encaixe 1/2""",6,14/07/2023,14:39,14/07/2023,14:42,Administrador,Admin
44851113,"Soquete Xtractor Plus 13 mm - Encaixe 1/2""",6,14/07/2023,14:39,14/07/2023,14:42,Administrador,Admin
44009107,"Alicate para Anéis Internos Curvo 7""",1,14/07/2023,14:53,14/07/2023,14:53,Tramontina Pro,Tramontina
44135031,"Chave de Fenda Ponta Cruzada 6x150 mm (1/4x6"")",3,14/07/2023,14:53,14/07/2023,14:54,Tramontina Pro,Tramontina
44095501,Riscador Tipo Caneta,7,14/07/2023,14:54,14/07/2023,14:54,Tramontina Pro,Tramontina
44812105,"Soquete Ponta Hexagonal 5 mm - Encaixe 3/8""",6,14/07/2023,16:44,14/07/2023,16:44,Tramontina Pro,Tramontina
44844145,"Soquete Ponta Trafix T45 - Encaixe 1/2""",6,14/07/2023,16:44,14/07/2023,16:44,Tramontina Pro,Tramontina
44812107,"Soquete Ponta Hexagonal 7 mm - Encaixe 3/8""",6,14/07/2023,16:44,14/07/2023,16:44,Tramontina Pro,Tramontina
44845112,"Soquete Ponta Hexagonal 12 mm - Encaixe 1/2""",6,14/07/2023,16:44,14/07/2023,16:44,Tramontina Pro,Tramontina
44842108,"Soquete Ponta Chata Tamanho 8 - Encaixe 1/2""",6,14/07/2023,16:44,14/07/2023,16:44,Tramontina Pro,Tramontina
44843103,"Soquete Ponta Cruzada NR3 - Encaixe 1/2""",6,14/07/2023,16:44,14/07/2023,16:44,Tramontina Pro,Tramontina
44869109,"Soquete Estriado Longo 7/8"" - Encaixe 3/8""",6,14/07/2023,16:44,14/07/2023,16:44,Tramontina Pro,Tramontina
44851119,"Soquete Xtractor Plus 19 mm - Encaixe 1/2""",6,14/07/2023,16:44,14/07/2023,16:45,Tramontina Pro,Tramontina
44851117,"Soquete Xtractor Plus 17 mm - Encaixe 1/2""",6,14/07/2023,16:44,14/07/2023,16:45,Tramontina Pro,Tramontina
44811107,"Soquete Estriado 3/8"" - Encaixe 1/4""",6,14/07/2023,16:44,14/07/2023,16:45,Tramontina Pro,Tramontina
44801101,"Adaptador 1/4"" x 3/8""",6,14/07/2023,16:45,14/07/2023,16:45,Tramontina Pro,Tramontina
44851113,"Soquete Xtractor Plus 13 mm - Encaixe 1/2""",6,14/07/2023,16:44,14/07/2023,16:45,Tramontina Pro,Tramontina
44636104,"Chave Poligonal Aberta 7/16x1/2""",4,14/07/2023,16:48,14/07/2023,16:49,Tramontina Pro,Tramontina
44670103,"Chave Combinada 7/16""",4,14/07/2023,16:49,14/07/2023,16:49,Tramontina Pro,Tramontina
44681117,Chave Combinada com Catraca 17 mm,5,14/07/2023,16:50,14/07/2023,16:50,Tramontina Pro,Tramontina
44620100,"Chave Fixa 1/4x5/16""",5,14/07/2023,16:50,14/07/2023,16:50,Tramontina Pro,Tramontina
44620100,"Chave Fixa 1/4x5/16""",5,14/07/2023,16:51,14/07/2023,16:51,Tramontina Pro,Tramontina
44637103,Chave com Catraca 4 Bocas 12x13x14x15 mm,5,17/07/2023,7:18,17/07/2023,7:19,Administrador,Admin
44620102,"Chave Fixa 1/2x9/16""",5,17/07/2023,7:19,17/07/2023,7:19,Administrador,Admin
44620100,"Chave Fixa 1/4x5/16""",5,17/07/2023,7:19,17/07/2023,7:20,Administrador,Admin
44620100,"Chave Fixa 1/4x5/16""",5,17/07/2023,7:23,17/07/2023,7:23,Administrador,Admin
44620100,"Chave Fixa 1/4x5/16""",5,17/07/2023,7:24,17/07/2023,7:24,Administrador,Admin
44620100,"Chave Fixa 1/4x5/16""",5,17/07/2023,7:26,17/07/2023,7:26,Administrador,Admin
44620100,"Chave Fixa 1/4x5/16""",5,17/07/2023,7:27,17/07/2023,7:27,Administrador,Admin
44812107,"Soquete Ponta Hexagonal 7 mm - Encaixe 3/8""",6,17/07/2023,7:30,17/07/2023,7:30,Administrador,Admin
44838101,"Junta Universal - Encaixe 1/2""",6,17/07/2023,7:31,17/07/2023,7:32,Administrador,Admin
44841101,"Catraca - Encaixe 1/2""",6,17/07/2023,7:32,17/07/2023,7:32,Administrador,Admin
44804104,"Extensão 4"" - Encaixe 1/4""",6,17/07/2023,7:33,17/07/2023,7:33,Administrador,Admin
44851119,"Soquete Xtractor Plus 19 mm - Encaixe 1/2""",6,17/07/2023,7:33,17/07/2023,7:34,Administrador,Admin
44052901,Chave de Fenda Ponta Trafix 8,3,17/07/2023,7:37,17/07/2023,7:37,Administrador,Admin
44670111,"Chave Combinada 7/8""",4,17/07/2023,7:39,17/07/2023,7:39,Administrador,Admin
44634104,Chave Estrela com Catraca 12x13 mm,4,17/07/2023,7:39,17/07/2023,7:39,Administrador,Admin
44670105,"Chave Combinada 9/16""",4,17/07/2023,7:39,17/07/2023,7:39,Administrador,Admin
44670106,"Chave Combinada 5/8""",4,17/07/2023,7:39,17/07/2023,7:39,Administrador,Admin
44634104,Chave Estrela com Catraca 12x13 mm,4,17/07/2023,7:40,17/07/2023,7:40,Administrador,Admin
44620100,"Chave Fixa 1/4x5/16""",5,17/07/2023,7:41,17/07/2023,7:42,Administrador,Admin
00000001,Calculadora,7,17/07/2023,7:44,17/07/2023,7:44,Administrador,Admin
44550303,Lanterna de LED Recarregável com Gancho Magnético,7,17/07/2023,7:44,17/07/2023,7:44,Administrador,Admin
44033501,Faca Industrial,7,17/07/2023,7:44,17/07/2023,7:44,Administrador,Admin
44051108,"Alicate Desencapador de Fios Automático 8""",7,17/07/2023,7:44,17/07/2023,7:45,Administrador,Admin
44036030,Mini Corta-Tubos - PVC e Cobre,7,17/07/2023,7:45,17/07/2023,7:45,Administrador,Admin
44676103,"Chave Meia-Lua 9/16x5/8""",4,17/07/2023,8:50,17/07/2023,8:50,Tramontina Pro,Tramontina
44620102,"Chave Fixa 1/2x9/16""",5,17/07/2023,8:51,17/07/2023,8:51,Tramontina Pro,Tramontina
44620100,"Chave Fixa 1/4x5/16""",5,17/07/2023,8:51,17/07/2023,8:51,Tramontina Pro,Tramontina
44801101,"Adaptador 1/4"" x 3/8""",6,17/07/2023,8:53,17/07/2023,8:53,Tramontina Pro,Tramontina
44801101,"Adaptador 1/4"" x 3/8""",6,17/07/2023,8:53,17/07/2023,8:53,Tramontina Pro,Tramontina
44851119,"Soquete Xtractor Plus 19 mm - Encaixe 1/2""",6,17/07/2023,8:54,17/07/2023,8:54,Tramontina Pro,Tramontina
44801101,"Adaptador 1/4"" x 3/8""",6,17/07/2023,8:56,17/07/2023,8:57,Tramontina Pro,Tramontina
44801101,"Adaptador 1/4"" x 3/8""",6,17/07/2023,8:57,17/07/2023,8:57,Tramontina Pro,Tramontina
44801101,"Adaptador 1/4"" x 3/8""",6,17/07/2023,8:58,17/07/2023,8:58,Tramontina Pro,Tramontina
44801101,"Adaptador 1/4"" x 3/8""",6,17/07/2023,8:59,17/07/2023,9:03,Tramontina Pro,Tramontina
44801101,"Adaptador 1/4"" x 3/8""",6,17/07/2023,9:03,17/07/2023,9:04,Tramontina Pro,Tramontina
44801101,"Adaptador 1/4"" x 3/8""",6,17/07/2023,9:04,17/07/2023,9:05,Tramontina Pro,Tramontina
44004183,"Alicate Meia Cana - Bico Longo Reto Isolado 1.000 V 8""",1,17/07/2023,9:05,17/07/2023,9:06,Tramontina Pro,Tramontina
00000001,Calculadora,7,17/07/2023,9:34,17/07/2023,9:35,Tramontina Pro,Tramontina
44095501,Riscador Tipo Caneta,7,17/07/2023,9:35,17/07/2023,9:36,Tramontina Pro,Tramontina
43158305,Trena Profissional Tramontina com Ponta Magnética 5 m,7,17/07/2023,9:35,17/07/2023,9:36,Tramontina Pro,Tramontina
44095501,Riscador Tipo Caneta,7,17/07/2023,10:38,17/07/2023,10:40,Administrador,Admin
44095501,Riscador Tipo Caneta,7,17/07/2023,10:42,17/07/2023,10:42,Administrador,Admin
44095501,Riscador Tipo Caneta,7,17/07/2023,10:43,17/07/2023,10:43,Administrador,Admin
44095501,Riscador Tipo Caneta,7,17/07/2023,10:43,17/07/2023,10:44,Administrador,Admin
44550303,Lanterna de LED Recarregável com Gancho Magnético,7,17/07/2023,10:44,17/07/2023,10:44,Administrador,Admin
44095501,Riscador Tipo Caneta,7,17/07/2023,10:44,17/07/2023,10:45,Administrador,Admin
44095501,Riscador Tipo Caneta,7,17/07/2023,10:45,17/07/2023,10:45,Administrador,Admin
44095501,Riscador Tipo Caneta,7,17/07/2023,10:45,17/07/2023,11:07,Administrador,Admin
44095501,Riscador Tipo Caneta,7,17/07/2023,11:08,17/07/2023,11:08,Administrador,Admin
44095501,Riscador Tipo Caneta,7,17/07/2023,11:08,17/07/2023,11:08,Administrador,Admin
44801101,"Adaptador 1/4"" x 3/8""",6,17/07/2023,11:09,17/07/2023,11:09,Administrador,Admin
44801101,"Adaptador 1/4"" x 3/8""",6,17/07/2023,11:10,17/07/2023,11:10,Administrador,Admin
